38201	1785466737-KTP1	291	0:741614372	despise ~ omenayr	1	2026-07-30 22:59:03
38202	1785466737-KTP1	298	1:11494215	Hub	2	2026-07-30 22:59:03
38203	1785466737-KTP1	297	1:25130574	zamp0lit aka Bigbird	2	2026-07-30 22:59:05
38204	1785466737-KTP1	289	1:748805	despise ~ sean	1	2026-07-30 22:59:05
38205	1785466737-KTP1	292	1:2052836	piff	1	2026-07-30 22:59:34
38206	1785466737-KTP1	299	1:93610	patten	2	2026-07-30 22:59:38
38207	1785466737-KTP1	296	1:9865547	BLUTH | p12	2	2026-07-30 22:59:44
38208	1785466737-KTP1	293	1:2312843	despise ~ Polak <3 Swiss	1	2026-07-30 22:59:48
38209	1785466737-KTP1	288	1:443810	kroD-	1	2026-07-30 23:00:02
38210	1785466737-KTP1	290	0:836459725	t3 ! s3 [tinydick]`	2	2026-07-30 23:00:13
38211	1785466737-KTP1	295	0:104450108	[bb] igbird	2	2026-07-30 23:00:43
38212	1785466737-KTP1	294	1:10054114	3SidedQuarter	1	2026-07-30 23:01:16
38225	1785471727-KTP1	294	1:10054114	3SidedQuarter	2	2026-07-31 00:22:16
38226	1785471727-KTP1	295	0:104450108	[bb] igbird	1	2026-07-31 00:22:16
38227	1785471727-KTP1	303	1:961564212	s i k	1	2026-07-31 00:22:39
38228	1785471727-KTP1	297	1:25130574	uR[TM]* zamp0lit	2	2026-07-31 00:22:41
38229	1785471727-KTP1	305	0:3906550	sTarK x_0	1	2026-07-31 00:22:41
38230	1785471727-KTP1	290	0:836459725	t3 ! s3 [tinydick]`	1	2026-07-31 00:22:50
38231	1785471727-KTP1	302	0:77934219	pb_ <default errrthang>	1	2026-07-31 00:22:55
38232	1785471727-KTP1	289	1:748805	despise ~ sean	2	2026-07-31 00:22:55
38233	1785471727-KTP1	293	1:2312843	despise ~ Polak <3 Swiss	2	2026-07-31 00:22:55
38234	1785471727-KTP1	301	0:32793027	cK-	2	2026-07-31 00:22:59
38235	1785471727-KTP1	304	0:16983	iH.vertex	1	2026-07-31 00:23:02
38236	1785471727-KTP1	300	0:90794	vpn bong	2	2026-07-31 00:23:04
38249	1785522550-KTP5	295	0:104450108	reppoH ＃respectfully	2	2026-07-31 14:29:43
38250	1785522550-KTP5	330	1:6758404	bonerpatrol.epyon	1	2026-07-31 14:29:43
38251	1785522550-KTP5	321	0:8832199	bonerpatrol.gorilla[bc]	1	2026-07-31 14:29:46
38252	1785522550-KTP5	323	0:78863	ddorito ＃ respectfully	2	2026-07-31 14:29:46
38253	1785522550-KTP5	319	0:281787	bonerpatrol.lanchyldd	1	2026-07-31 14:29:46
38254	1785522550-KTP5	339	1:961681828	brombrom ＃Respectfully	2	2026-07-31 14:29:46
38255	1785522550-KTP5	302	0:77934219	pb_ ＃respectfully	2	2026-07-31 14:29:50
38256	1785522550-KTP5	305	0:3906550	bonerpatrol.sTarK x_0	1	2026-07-31 14:29:50
38257	1785522550-KTP5	342	0:72967	bonerpatrol.hey hi	1	2026-07-31 14:29:51
38258	1785522550-KTP5	316	1:1547256	bonerpatrol.stealthlol	1	2026-07-31 14:29:52
38259	1785522550-KTP5	306	0:2221518	hypnotik_ ＃respectfully	2	2026-07-31 14:30:02
38260	1785522550-KTP5	334	1:64041420	nicholson ＃respectfully	2	2026-07-31 14:30:02
38261	1785522760-KTP4	289	1:748805	seanality =)))	2	2026-07-31 14:32:49
38262	1785522760-KTP4	324	0:25429845	MaRkO MaNia Sauvage	1	2026-07-31 14:32:49
38263	1785522786-KTP3	294	1:10054114	DAYMAN 3SidedQuarter	2	2026-07-31 14:33:12
38264	1785522786-KTP3	296	1:9865547	(CSB)~*p12	1	2026-07-31 14:33:12
38265	1785522760-KTP4	297	1:25130574	zamp0lit =)	2	2026-07-31 14:33:16
38266	1785522760-KTP4	317	0:749715	MaRkO MaNia тωὶﮐт	1	2026-07-31 14:33:16
38267	1785522760-KTP4	313	0:74027	MaRkO MaNia JgN[dd]<3vt	1	2026-07-31 14:33:20
38268	1785522760-KTP4	308	1:777438	MaRkO MaNia toki	1	2026-07-31 14:33:20
38269	1785522760-KTP4	310	0:10230748	hildebrand? =)))	2	2026-07-31 14:33:20
38270	1785522760-KTP4	340	1:955338590	Godfodder of Selfies =)))	2	2026-07-31 14:33:22
38271	1785522760-KTP4	318	1:18676541	MaRkO MaNia stamp!	1	2026-07-31 14:33:22
38272	1785522760-KTP4	309	1:51476452	incite[bc] =)))	2	2026-07-31 14:33:26
38273	1785522760-KTP4	298	1:11494215	MaRkO MaNia Hub	1	2026-07-31 14:33:26
38274	1785522788-KTP2	320	1:8702451	VPN nai  ＃fjtm	1	2026-07-31 14:33:34
38275	1785522788-KTP2	299	1:93610	[team9] patten	2	2026-07-31 14:33:34
38276	1785522786-KTP3	335	1:9446506	DAYMAN findus	2	2026-07-31 14:33:38
38277	1785522786-KTP3	347	0:363246168	(CSB)~*NoName^	1	2026-07-31 14:33:38
38278	1785522786-KTP3	288	1:443810	(CSB)~*kroD-	1	2026-07-31 14:33:39
38279	1785522786-KTP3	327	1:1699528	DAYMAN jules	2	2026-07-31 14:33:39
38280	1785522786-KTP3	291	0:741614372	DAYMAN omenayr	2	2026-07-31 14:33:39
38281	1785522786-KTP3	348	0:2996359	(CSB)~*s i k	1	2026-07-31 14:33:39
38282	1785522788-KTP2	307	0:7735372	[team9] Ke:>^1.de	2	2026-07-31 14:33:40
38283	1785522788-KTP2	322	0:123285	VPN Khoi ＃nosoul	1	2026-07-31 14:33:40
38284	1785522788-KTP2	301	0:32793027	VPN cK- ＃bestbuds	1	2026-07-31 14:33:40
38285	1785522788-KTP2	344	0:6291720	[team9]  Jee ＃minou.exe	2	2026-07-31 14:33:40
38286	1785522788-KTP2	292	1:2052836	VPN piff ＃bestbuds	1	2026-07-31 14:33:43
38287	1785522788-KTP2	345	1:25292511	VPN nein_	1	2026-07-31 14:33:44
38288	1785522788-KTP2	314	0:4492	[team9] mogers	2	2026-07-31 14:33:44
38289	1785522788-KTP2	338	0:11692441	[team9] monday	2	2026-07-31 14:33:45
38290	1785522788-KTP2	337	1:31962398	[team9] baiko ＃kurwa	2	2026-07-31 14:33:45
38291	1785522788-KTP2	300	0:90794	VPN kanguhhh?! ＃icyhot	1	2026-07-31 14:33:45
38292	1785522760-KTP4	328	0:15083886	Sq =)))	2	2026-07-31 14:33:47
38293	1785522786-KTP3	332	1:68033122	DAYMAN reptaR	2	2026-07-31 14:33:48
38294	1785522786-KTP3	341	1:67913	(CSB)~*yayme	1	2026-07-31 14:34:09
38295	1785522786-KTP3	311	0:99398	DAYMAN cory?	2	2026-07-31 14:34:09
38296	1785522786-KTP3	346	0:237126	(CSB)~*HLAH	1	2026-07-31 14:34:54
38297	1785522943-KTP2	299	1:93610	[team9] patten	1	2026-07-31 14:35:50
38298	1785522943-KTP2	320	1:8702451	VPN nai  ＃fjtm	2	2026-07-31 14:35:50
38299	1785522943-KTP2	300	0:90794	VPN kanguhhh?! ＃icyhot	2	2026-07-31 14:35:52
38300	1785522943-KTP2	338	0:11692441	[team9] monday	1	2026-07-31 14:35:52
38301	1785522943-KTP2	322	0:123285	VPN Khoi ＃nosoul	2	2026-07-31 14:36:16
38302	1785522943-KTP2	292	1:2052836	VPN piff ＃bestbuds	2	2026-07-31 14:36:18
38303	1785522943-KTP2	307	0:7735372	[team9] Ke:>^1.de	1	2026-07-31 14:36:18
38304	1785522943-KTP2	301	0:32793027	VPN cK- ＃bestbuds	2	2026-07-31 14:36:26
38305	1785522943-KTP2	337	1:31962398	[team9] baiko ＃kurwa	1	2026-07-31 14:36:26
38306	1785522943-KTP2	344	0:6291720	[team9]  Jee ＃minou.exe	1	2026-07-31 14:36:28
38307	1785522943-KTP2	314	0:4492	[team9] mogers	1	2026-07-31 14:37:04
38308	1785522943-KTP2	345	1:25292511	VPN nein_	2	2026-07-31 14:37:04
38309	1785523253-KTP1	326	0:1794	MOFOZOMBIEZ! bsod	2	2026-07-31 14:40:58
38310	1785523253-KTP1	329	0:46798294	8===D~ hybrid	1	2026-07-31 14:40:58
38311	1785523253-KTP1	325	1:9833731	MOFOZOMBIEZ! Bausch	2	2026-07-31 14:41:22
38312	1785523253-KTP1	293	1:2312843	8===D~ Polak <3 Swiss	1	2026-07-31 14:41:22
38313	1785523253-KTP1	331	0:642008661	MOFOZOMBIEZ! nomis	2	2026-07-31 14:41:25
38314	1785523253-KTP1	312	1:6122950	8===D~ arachnid	1	2026-07-31 14:41:25
38315	1785523253-KTP1	315	1:10468563	8===D~ element ＃dpk	1	2026-07-31 14:41:26
38316	1785523253-KTP1	343	1:6155141	MOFOZOMBIEZ! m00cat ＃dpk	2	2026-07-31 14:41:26
38317	1785523253-KTP1	304	0:16983	MOFOZOMBIEZ! vertex	2	2026-07-31 14:41:31
38318	1785523253-KTP1	333	1:351766339	8===D~ nightmare	1	2026-07-31 14:41:31
38319	1785523253-KTP1	290	0:836459725	8===D~ TillJim	1	2026-07-31 14:41:38
38320	1785523253-KTP1	336	0:3612473	MOFOZOMBIEZ! Player	2	2026-07-31 14:41:38
38381	1785526974-KTP1	315	1:10468563	8===D~ element ＃dpk	2	2026-07-31 15:43:01
38382	1785526974-KTP1	320	1:8702451	VPN nai  ＃fjtm	1	2026-07-31 15:43:01
38383	1785526974-KTP1	301	0:32793027	VPN cK- ＃bestbuds	1	2026-07-31 15:43:22
38384	1785526974-KTP1	345	1:25292511	VPN nein_	1	2026-07-31 15:43:28
38385	1785526974-KTP1	333	1:351766339	8===D~ nightmare	2	2026-07-31 15:43:35
38386	1785526974-KTP1	292	1:2052836	VPN piff ＃bestbuds	1	2026-07-31 15:43:35
38387	1785526974-KTP1	312	1:6122950	8===D~ arachnid	2	2026-07-31 15:43:38
38388	1785526974-KTP1	322	0:123285	VPN Khoi ＃nosoul	1	2026-07-31 15:43:38
38389	1785526974-KTP1	293	1:2312843	8===D~ Polak <3 Swiss	2	2026-07-31 15:43:41
38390	1785526974-KTP1	300	0:90794	VPN kanguhhh?! ＃icyhot	1	2026-07-31 15:43:43
38391	1785526974-KTP1	329	0:46798294	8===D~ hybrid	2	2026-07-31 15:43:46
38392	1785526997-KTP5	330	1:6758404	bonerpatrol.epyon	1	2026-07-31 15:43:54
38393	1785526997-KTP5	309	1:51476452	incite[bc] =)))	2	2026-07-31 15:43:54
38394	1785526997-KTP5	321	0:8832199	bonerpatrol.gorilla[bc]	1	2026-07-31 15:43:56
38395	1785526997-KTP5	297	1:25130574	zamp0lit =)	2	2026-07-31 15:43:56
38396	1785526997-KTP5	289	1:748805	seanality =)))	2	2026-07-31 15:43:58
38397	1785526997-KTP5	342	0:72967	bonerpatrol.hey hi	1	2026-07-31 15:43:58
38398	1785526974-KTP1	290	0:836459725	8===D~ TillJim	2	2026-07-31 15:44:00
38399	1785526997-KTP5	305	0:3906550	bonerpatrol.sTarK x_0	1	2026-07-31 15:44:02
38400	1785526997-KTP5	340	1:955338590	Godfodder of Selfies =)))	2	2026-07-31 15:44:02
38401	1785526997-KTP5	310	0:10230748	hildebrand? =)))	2	2026-07-31 15:44:03
38402	1785526997-KTP5	328	0:15083886	Sq =)))	2	2026-07-31 15:44:16
38403	1785526997-KTP5	319	0:281787	bonerpatrol.lanchyldd	1	2026-07-31 15:44:16
38404	1785526997-KTP5	316	1:1547256	bonerpatrol.stealthlol	1	2026-07-31 15:44:23
38405	1785527071-KTP3	298	1:11494215	MaRkO MaNia Hub	1	2026-07-31 15:45:05
38406	1785527071-KTP3	307	0:7735372	[team9] Ke:>^1.de	2	2026-07-31 15:45:05
38407	1785527071-KTP3	337	1:31962398	[team9] baiko ＃kurwa	2	2026-07-31 15:45:05
38408	1785527071-KTP3	318	1:18676541	MaRkO MaNia stamp!	1	2026-07-31 15:45:05
38409	1785527071-KTP3	317	0:749715	MaRkO MaNia тωὶﮐт	1	2026-07-31 15:45:13
38410	1785527071-KTP3	308	1:777438	MaRkO MaNia toki	1	2026-07-31 15:45:13
38411	1785527071-KTP3	324	0:25429845	MaRkO MaNia Sauvage	1	2026-07-31 15:45:21
38412	1785527071-KTP3	314	0:4492	[team9] mogers	2	2026-07-31 15:45:21
38413	1785527071-KTP3	344	0:6291720	[team9]  Jee ＃minou.exe	2	2026-07-31 15:45:21
38414	1785527071-KTP3	338	0:11692441	[team9] monday	2	2026-07-31 15:45:29
38415	1785527071-KTP3	313	0:74027	MaRkO MaNia JgN<3vtGSKILLOT	1	2026-07-31 15:45:29
38416	1785527132-KTP4	339	1:961681828	brombrom ＃Respectfully	2	2026-07-31 15:45:39
38417	1785527132-KTP4	332	1:68033122	DAYMAN reptaR	1	2026-07-31 15:45:39
38418	1785527071-KTP3	299	1:93610	[team9] patten	2	2026-07-31 15:45:39
38419	1785527132-KTP4	335	1:9446506	DAYMAN findus	1	2026-07-31 15:45:39
38420	1785527132-KTP4	323	0:78863	ddorito ＃ respectfully	2	2026-07-31 15:45:39
38421	1785527132-KTP4	327	1:1699528	DAYMAN jules	1	2026-07-31 15:45:41
38422	1785527132-KTP4	302	0:77934219	pb_ ＃respectfully	2	2026-07-31 15:45:41
38423	1785527132-KTP4	294	1:10054114	DAYMAN 3SidedQuarter	1	2026-07-31 15:46:04
38424	1785527132-KTP4	295	0:104450108	[bb] reppoĦ	2	2026-07-31 15:46:05
38425	1785527132-KTP4	311	0:99398	DAYMAN cory?	1	2026-07-31 15:46:05
38426	1785527132-KTP4	306	0:2221518	hypnotik_ ＃respectfully	2	2026-07-31 15:46:05
38427	1785527132-KTP4	334	1:64041420	nicholson ＃respectfully	2	2026-07-31 15:46:05
38428	1785527132-KTP4	291	0:741614372	DAYMAN omenayr	1	2026-07-31 15:46:23
38429	1785527247-KTP2	341	1:67913	(CSB)~*yayme	2	2026-07-31 15:47:35
38430	1785527247-KTP2	336	0:3612473	MOFOZOMBIEZ! Player	1	2026-07-31 15:47:35
38431	1785527247-KTP2	348	0:2996359	(CSB)~*s i k	2	2026-07-31 15:47:58
38432	1785527247-KTP2	304	0:16983	MOFOZOMBIEZ! vertex	1	2026-07-31 15:48:03
38433	1785527247-KTP2	288	1:443810	(CSB)~*kroD-	2	2026-07-31 15:48:03
38434	1785527247-KTP2	346	0:237126	(CSB)~*HLAH	2	2026-07-31 15:48:07
38435	1785527247-KTP2	296	1:9865547	(CSB)~*p12	2	2026-07-31 15:48:12
38436	1785527247-KTP2	326	0:1794	MOFOZOMBIEZ! bsod	1	2026-07-31 15:48:13
38437	1785527247-KTP2	343	1:6155141	MOFOZOMBIES! m00cat ＃dpk	1	2026-07-31 15:48:28
38438	1785527247-KTP2	331	0:642008661	MOFOZOMBIEZ! nomis	1	2026-07-31 15:48:44
38439	1785527247-KTP2	347	0:363246168	(CSB)~*NoName^	2	2026-07-31 15:48:47
38440	1785527247-KTP2	325	1:9833731	MOFOZOMBIEZ! Bausch	1	2026-07-31 15:48:59
38501	1785530757-KTP2	298	1:11494215	MaRkO MaNia Hub	2	2026-07-31 16:46:28
38502	1785530757-KTP2	292	1:2052836	VPN piff ＃bestbuds	1	2026-07-31 16:46:28
38503	1785530757-KTP2	324	0:25429845	MaRkO MaNia Sauvage	2	2026-07-31 16:46:38
38504	1785530757-KTP2	322	0:123285	VPN Khoi ＃nosoul	1	2026-07-31 16:46:38
38505	1785530757-KTP2	301	0:32793027	VPN cK- ＃bestbuds	1	2026-07-31 16:46:44
38506	1785530757-KTP2	320	1:8702451	VPN nai  ＃fjtm	1	2026-07-31 16:46:44
38507	1785530757-KTP2	313	0:74027	MaRkO MaNia JgN<3vtGSKILLOT	2	2026-07-31 16:46:44
38508	1785530757-KTP2	308	1:777438	MaRkO MaNia toki	2	2026-07-31 16:46:46
38509	1785530757-KTP2	300	0:90794	VPN kanguhhh?! ＃icyhot	1	2026-07-31 16:46:50
38510	1785530757-KTP2	318	1:18676541	MaRkO MaNia Crankin	2	2026-07-31 16:46:55
38511	1785530757-KTP2	345	1:25292511	VPN nein_	1	2026-07-31 16:46:59
38512	1785530757-KTP2	317	0:749715	MaRkO MaNia тωὶﮐт	2	2026-07-31 16:47:14
38513	1785530858-KTP4	330	1:6758404	bonerpatrol.epyon	2	2026-07-31 16:47:46
38514	1785530858-KTP4	344	0:6291720	[team9]  Jee ＃minou.exe	1	2026-07-31 16:47:46
38515	1785530858-KTP4	319	0:281787	bonerpatrol.lanchyldd	2	2026-07-31 16:47:47
38516	1785530858-KTP4	299	1:93610	[team9] patten	1	2026-07-31 16:47:47
38517	1785530858-KTP4	337	1:31962398	[team9] baiko ＃kurwa	1	2026-07-31 16:48:07
38518	1785530858-KTP4	342	0:72967	bonerpatrol.hey hi	2	2026-07-31 16:48:07
38519	1785530858-KTP4	314	0:4492	[team9] mogers	1	2026-07-31 16:48:12
38520	1785530858-KTP4	321	0:8832199	bonerpatrol.gorilla[bc]	2	2026-07-31 16:48:16
38521	1785530858-KTP4	338	0:11692441	[team9] monday	1	2026-07-31 16:48:19
38522	1785530858-KTP4	305	0:3906550	bonerpatrol.sTarK x_0	2	2026-07-31 16:48:19
38523	1785530858-KTP4	307	0:7735372	[team9] Ke:>^1.de	1	2026-07-31 16:48:27
38524	1785530858-KTP4	316	1:1547256	bonerpatrol.stealthlol	2	2026-07-31 16:48:29
38525	1785530970-KTP1	315	1:10468563	8===D~ element ＃dpk	1	2026-07-31 16:49:39
38526	1785530970-KTP1	288	1:443810	(CSB)~*kroD-	2	2026-07-31 16:49:39
38527	1785530970-KTP1	348	0:2996359	(CSB)~*s i k	2	2026-07-31 16:49:58
38528	1785530970-KTP1	293	1:2312843	8===D~ Polak <3 Swiss	1	2026-07-31 16:49:58
38529	1785530970-KTP1	333	1:351766339	8===D~ nightmare	1	2026-07-31 16:50:12
38530	1785530970-KTP1	341	1:67913	(CSB)~*yayme	2	2026-07-31 16:50:12
38531	1785530970-KTP1	290	0:836459725	8===D~ TillJim	1	2026-07-31 16:50:21
38532	1785530970-KTP1	347	0:363246168	(CSB)~*NoName^	2	2026-07-31 16:50:26
38533	1785530970-KTP1	329	0:46798294	8===D~ hybrid	1	2026-07-31 16:50:33
38534	1785530970-KTP1	296	1:9865547	(CSB)~*p12	2	2026-07-31 16:50:46
38535	1785530970-KTP1	346	0:237126	(CSB)~*HLAH	2	2026-07-31 16:51:00
38536	1785530970-KTP1	312	1:6122950	8===D~ arachnid	1	2026-07-31 16:51:17
38537	1785531505-KTP5	327	1:1699528	DAYMAN jules	1	2026-07-31 16:58:33
38538	1785531505-KTP5	310	0:10230748	hildebrand? =)))	2	2026-07-31 16:58:33
38539	1785531505-KTP5	340	1:955338590	The Other BillBSOD =)))	2	2026-07-31 16:58:34
38540	1785531505-KTP5	335	1:9446506	DAYMAN findus	1	2026-07-31 16:58:34
38541	1785531505-KTP5	289	1:748805	seanality =)))	2	2026-07-31 16:58:54
38542	1785531505-KTP5	291	0:741614372	DAYMAN omenayr	1	2026-07-31 16:58:54
38543	1785531505-KTP3	343	1:6155141	MOFOZOMBIES! m00cat ＃dpk	2	2026-07-31 16:58:57
38544	1785531505-KTP3	323	0:78863	ddorito ＃ respectfully	1	2026-07-31 16:58:57
38545	1785531505-KTP3	306	0:2221518	hypnotik_ ＃respectfully	1	2026-07-31 16:59:00
38546	1785531505-KTP5	332	1:68033122	DAYMAN reptaR	1	2026-07-31 16:59:04
38547	1785531505-KTP3	304	0:16983	MOFOZOMBIEZ! vertex	2	2026-07-31 16:59:05
38548	1785531505-KTP3	302	0:77934219	pb_ ＃respectfully	1	2026-07-31 16:59:05
38549	1785531505-KTP3	334	1:64041420	nicholson ＃respectfully	1	2026-07-31 16:59:05
38550	1785531505-KTP3	336	0:3612473	MOFOZOMBIEZ! Player	2	2026-07-31 16:59:05
38551	1785531505-KTP5	328	0:15083886	Sq =)))	2	2026-07-31 16:59:05
38552	1785531505-KTP3	339	1:961681828	brombrom ＃Respectfully	1	2026-07-31 16:59:07
38553	1785531505-KTP3	331	0:642008661	MOFOZOMBIEZ! nomis	2	2026-07-31 16:59:07
38554	1785531505-KTP3	326	0:1794	MOFOZOMBIEZ! bsod	2	2026-07-31 16:59:09
38555	1785531505-KTP3	295	0:104450108	reppoĦ ＃ respectfully	1	2026-07-31 16:59:15
38556	1785531505-KTP5	311	0:99398	DAYMAN cory?	1	2026-07-31 16:59:17
38557	1785531505-KTP5	309	1:51476452	incite[bc] =)))	2	2026-07-31 16:59:17
38558	1785531505-KTP5	294	1:10054114	DAYMAN 3SidedQuarter	1	2026-07-31 16:59:19
38559	1785531505-KTP5	297	1:25130574	zamp0lit =)	2	2026-07-31 16:59:20
38560	1785531519-KTP1	293	1:2312843	8===D~ Polak <3 Swiss	2	2026-07-31 16:59:22
38561	1785531519-KTP1	288	1:443810	(CSB)~*kroD-	1	2026-07-31 16:59:22
38562	1785531505-KTP3	325	1:9833731	MOFOZOMBIEZ! Bausch	2	2026-07-31 16:59:23
38563	1785531519-KTP1	315	1:10468563	8===D~ element ＃dpk	2	2026-07-31 16:59:25
38564	1785531519-KTP1	341	1:67913	(CSB)~*yayme	1	2026-07-31 16:59:25
38565	1785531519-KTP1	296	1:9865547	(CSB)~*p12	1	2026-07-31 16:59:26
38566	1785531519-KTP1	290	0:836459725	8===D~ TillJim	2	2026-07-31 16:59:26
38567	1785531519-KTP1	348	0:2996359	(CSB)~*s i k	1	2026-07-31 16:59:30
38568	1785531519-KTP1	333	1:351766339	8===D~ nightmare	2	2026-07-31 16:59:32
38569	1785531519-KTP1	329	0:46798294	8===D~ hybrid	2	2026-07-31 16:59:40
38570	1785531519-KTP1	347	0:363246168	(CSB)~*NoName^	1	2026-07-31 16:59:48
38571	1785531519-KTP1	346	0:237126	(CSB)~*HLAH	1	2026-07-31 17:00:02
38572	1785531519-KTP1	312	1:6122950	8===D~ arachnid	2	2026-07-31 17:00:05
38633	1785541397-KTP2	291	0:741614372	****JTM   omenayryanemo	1	2026-07-31 19:43:28
38634	1785541397-KTP2	338	0:11692441	iH.monday	2	2026-07-31 19:43:28
38635	1785541397-KTP2	289	1:748805	iH.Seanality	2	2026-07-31 19:43:42
38636	1785541397-KTP2	348	0:2996359	iH.s i k	2	2026-07-31 19:43:45
38637	1785541397-KTP2	323	0:78863	****JTM   ddorito	1	2026-07-31 19:43:45
38638	1785541397-KTP2	313	0:74027	****JTM   LaNGoNdd<3vt	1	2026-07-31 19:44:03
38639	1785541397-KTP2	304	0:16983	iH.vertex	2	2026-07-31 19:44:08
38640	1785541397-KTP2	327	1:1699528	****JTM   jules	1	2026-07-31 19:44:08
38641	1785541397-KTP2	300	0:90794	iH.kanguhhh?!	2	2026-07-31 19:44:11
38642	1785541397-KTP2	320	1:8702451	****JTM   ian ＃castingcouch	1	2026-07-31 19:44:11
38643	1785541397-KTP2	314	0:4492	****JTM   mogers ＃intel	1	2026-07-31 19:44:13
38644	1785541397-KTP2	310	0:10230748	iH.hildebrand?	2	2026-07-31 19:44:13
38645	1785541584-KTP4	347	0:363246168	[NATO] NoName^	2	2026-07-31 19:46:30
38646	1785541584-KTP4	316	1:1547256	dicE[: :]stealthlol	1	2026-07-31 19:46:30
38647	1785541584-KTP4	333	1:351766339	[NATO] nightmare	2	2026-07-31 19:46:56
38648	1785541584-KTP4	343	1:6155141	dicE[: :]m00cat :D	1	2026-07-31 19:46:56
38649	1785541584-KTP4	319	0:281787	dicE[: :]warchyld[dd]	1	2026-07-31 19:46:56
38650	1785541584-KTP4	321	0:8832199	dicE[: :]Gorilla[bc]	1	2026-07-31 19:47:00
38651	1785541584-KTP4	337	1:31962398	[NATO] baiko	2	2026-07-31 19:47:00
38652	1785541584-KTP4	315	1:10468563	dicE[: :]element	1	2026-07-31 19:47:05
38653	1785541584-KTP4	298	1:11494215	[NATO] Hub	2	2026-07-31 19:47:06
38654	1785541584-KTP4	336	0:3612473	dicE[: :]player	1	2026-07-31 19:47:06
38655	1785541584-KTP4	328	0:15083886	[NATO] Maucin	2	2026-07-31 19:47:08
38656	1785541584-KTP4	335	1:9446506	[NATO] findus	2	2026-07-31 19:47:36
38657	1785541741-KTP5	290	0:836459725	TillJim	1	2026-07-31 19:49:08
38658	1785541741-KTP5	295	0:104450108	[bb] hotdog	2	2026-07-31 19:49:08
38659	1785541741-KTP5	297	1:25130574	uR[TM]* zamp0lit	2	2026-07-31 19:49:11
38660	1785541741-KTP5	292	1:2052836	[bb] sausage	2	2026-07-31 19:49:32
38661	1785541741-KTP5	307	0:7735372	[team9] Ke:>^1.de	1	2026-07-31 19:49:32
38662	1785541741-KTP5	322	0:123285	Khoi	1	2026-07-31 19:49:35
38663	1785541741-KTP5	301	0:32793027	[bb] cK-	2	2026-07-31 19:49:39
38664	1785541741-KTP5	341	1:67913	(CSB)~*yayme	1	2026-07-31 19:49:39
38665	1785541741-KTP5	324	0:25429845	Lan Sausage	1	2026-07-31 19:49:43
38666	1785541741-KTP5	325	1:9833731	MOFOZOMBIEZ! Bausch	1	2026-07-31 19:49:48
38667	1785541741-KTP5	293	1:2312843	[bb] Polak	2	2026-07-31 19:49:58
38668	1785541741-KTP5	344	0:6291720	uR[TM]* Jee ＃minou.exe	2	2026-07-31 19:50:03
38705	1785544360-KTP2	291	0:741614372	****JTM   omenayryanemo	2	2026-07-31 20:33:11
38706	1785544360-KTP2	289	1:748805	iH.Seanality	1	2026-07-31 20:33:11
38707	1785544360-KTP2	304	0:16983	iH.vertex	1	2026-07-31 20:33:18
38708	1785544360-KTP2	320	1:8702451	****JTM   ian ＃castingcouch	2	2026-07-31 20:33:18
38709	1785544360-KTP2	323	0:78863	****JTM   ddorito	2	2026-07-31 20:33:19
38710	1785544360-KTP2	338	0:11692441	iH.monday	1	2026-07-31 20:33:19
38711	1785544360-KTP2	348	0:2996359	iH.s i k	1	2026-07-31 20:33:24
38712	1785544360-KTP2	300	0:90794	iH.kanguhhh?!	1	2026-07-31 20:33:26
38713	1785544360-KTP2	327	1:1699528	****JTM   jules	2	2026-07-31 20:33:26
38714	1785544360-KTP2	314	0:4492	****JTM   mogers ＃intel	2	2026-07-31 20:33:27
38715	1785544360-KTP2	310	0:10230748	iH.hildebrand?	1	2026-07-31 20:33:41
38716	1785544360-KTP2	313	0:74027	****JTM   LaNGoNdd<3vt	2	2026-07-31 20:33:46
38717	1785545144-KTP1	288	1:443810	вℓυтн | kroD-	2	2026-07-31 20:46:14
38718	1785545144-KTP1	295	0:104450108	[bb] reppoĦ	1	2026-07-31 20:46:14
38719	1785545144-KTP1	290	0:836459725	TillJim	2	2026-07-31 20:46:15
38720	1785545144-KTP1	301	0:32793027	[bb] cK-	1	2026-07-31 20:46:15
38721	1785545144-KTP1	299	1:93610	вℓυтн | patten	2	2026-07-31 20:46:19
38722	1785545144-KTP1	293	1:2312843	[bb] Polak	1	2026-07-31 20:46:20
38723	1785545144-KTP1	292	1:2052836	[bb] piff	1	2026-07-31 20:46:23
38724	1785545144-KTP1	296	1:9865547	вℓυтн | p12	2	2026-07-31 20:46:26
38725	1785545144-KTP1	294	1:10054114	[bb]KawK	1	2026-07-31 20:46:26
38726	1785545144-KTP1	309	1:51476452	煽る[bc]	2	2026-07-31 20:46:37
38727	1785545144-KTP1	339	1:961681828	[bb] bR0M ＃wetya	1	2026-07-31 20:46:41
38728	1785545144-KTP1	334	1:64041420	вℓυтн | nicholson	2	2026-07-31 20:46:42
38729	1785545280-KTP4	335	1:9446506	[NATO] findus	2	2026-07-31 20:48:07
38730	1785545280-KTP4	321	0:8832199	dicE[: :]Gorilla[bc]	1	2026-07-31 20:48:07
38731	1785545280-KTP4	319	0:281787	dicE[: :]warchyld[dd]	1	2026-07-31 20:48:09
38732	1785545280-KTP4	328	0:15083886	[NATO] Maucin	2	2026-07-31 20:48:32
38733	1785545280-KTP4	343	1:6155141	dicE[: :]m00cat :D	1	2026-07-31 20:48:32
38734	1785545280-KTP4	347	0:363246168	[NATO] NoName^	2	2026-07-31 20:48:37
38735	1785545280-KTP4	336	0:3612473	dicE[: :]player	1	2026-07-31 20:48:41
38736	1785545280-KTP4	298	1:11494215	[NATO] Hub	2	2026-07-31 20:48:44
38737	1785545280-KTP4	315	1:10468563	dicE[: :]element	1	2026-07-31 20:48:44
38738	1785545280-KTP4	333	1:351766339	[NATO] nightmare	2	2026-07-31 20:48:48
38739	1785545280-KTP4	316	1:1547256	dicE[: :]stealthlol	1	2026-07-31 20:49:10
38740	1785545280-KTP4	337	1:31962398	[NATO] baiko	2	2026-07-31 20:49:24
38775	1785546615-KTP3	306	0:2221518	[$] hypnotik 0_x	2	2026-07-31 21:10:23
38776	1785546615-KTP3	332	1:68033122	b.   reptaR＃nosleeptilgroups	1	2026-07-31 21:10:23
38779	1785546615-KTP3	326	0:1794	[$] billbsod	2	2026-07-31 21:10:43
38780	1785546615-KTP3	305	0:3906550	b.   sTarK_ x_0 <3＃77	1	2026-07-31 21:10:43
38781	1785546615-KTP3	317	0:749715	b.   тωὶﮐт	1	2026-07-31 21:10:48
38782	1785546615-KTP3	342	0:72967	b.   hey hi	1	2026-07-31 21:10:48
38783	1785546615-KTP3	330	1:6758404	b.   iTK	1	2026-07-31 21:10:50
38784	1785546615-KTP3	345	1:25292511	[$] nein_	2	2026-07-31 21:10:50
38785	1785546615-KTP3	311	0:99398	[$] cory?	2	2026-07-31 21:10:51
38786	1785546615-KTP3	331	0:642008661	[$] nomistizzle	2	2026-07-31 21:10:58
38787	1785546615-KTP3	350	1:24850	b.   steveeeeeeeeeveve	1	2026-07-31 21:11:05
38788	1785546615-KTP3	308	1:777438	[$] toki	2	2026-07-31 21:11:13
38801	1785548937-KTP1	292	1:2052836	[bb] piff	2	2026-07-31 21:49:03
38802	1785548937-KTP1	324	0:25429845	NoSo ! Sauvage	1	2026-07-31 21:49:03
38803	1785548937-KTP1	301	0:32793027	[bb] cK-	2	2026-07-31 21:49:04
38804	1785548937-KTP1	325	1:9833731	NoSo ! Bausch	1	2026-07-31 21:49:04
38805	1785548937-KTP1	341	1:67913	NoSo ! yayme	1	2026-07-31 21:49:27
38806	1785548937-KTP1	293	1:2312843	[bb] Polak	2	2026-07-31 21:49:27
38807	1785548937-KTP1	294	1:10054114	[bb] 3SidedQuarter	2	2026-07-31 21:49:32
38808	1785548937-KTP1	302	0:77934219	[bb] pb_	2	2026-07-31 21:49:32
38809	1785548937-KTP1	318	1:18676541	NoSo ! CrankinHawg	1	2026-07-31 21:49:32
38810	1785548937-KTP1	312	1:6122950	NoSo ! arachnid	1	2026-07-31 21:49:34
38811	1785548937-KTP1	322	0:123285	NoSo ! Khoi	1	2026-07-31 21:49:39
38812	1785548937-KTP1	295	0:104450108	[bb] burrito spider	2	2026-07-31 21:49:39
38813	1785549132-KTP4	328	0:15083886	[NATO] Maucin	2	2026-07-31 21:52:18
38814	1785549132-KTP4	296	1:9865547	вℓυтн | p12	1	2026-07-31 21:52:18
38815	1785549132-KTP4	333	1:351766339	[NATO] nightmare	2	2026-07-31 21:52:24
38816	1785549132-KTP4	334	1:64041420	alex is a cunt	1	2026-07-31 21:52:24
38817	1785549132-KTP4	299	1:93610	вℓυтн | patten	1	2026-07-31 21:52:55
38818	1785549132-KTP4	347	0:363246168	[NATO] NoName^	2	2026-07-31 21:52:55
38819	1785549132-KTP4	288	1:443810	вℓυтн | kroD-	1	2026-07-31 21:52:58
38820	1785549132-KTP4	298	1:11494215	[NATO] Hub	2	2026-07-31 21:52:58
38821	1785549132-KTP4	337	1:31962398	[NATO] baiko	2	2026-07-31 21:53:03
38822	1785549132-KTP4	309	1:51476452	煽る[bc]	1	2026-07-31 21:53:04
38823	1785549132-KTP4	290	0:836459725	TillJim	1	2026-07-31 21:53:04
38824	1785549132-KTP4	335	1:9446506	[NATO] findus	2	2026-07-31 21:53:14
38825	1785550090-KTP3	345	1:25292511	[$] nein_	1	2026-07-31 22:08:43
38826	1785550090-KTP3	330	1:6758404	b.   e p y o n	2	2026-07-31 22:08:43
38827	1785550090-KTP3	305	0:3906550	b.   sTarK_ x_0 <3＃77	2	2026-07-31 22:08:43
38828	1785550090-KTP3	308	1:777438	[$] toki	1	2026-07-31 22:08:46
38829	1785550090-KTP3	342	0:72967	b.   hey hi	2	2026-07-31 22:08:46
38830	1785550090-KTP3	331	0:642008661	[$] nomistizzle	1	2026-07-31 22:08:47
38831	1785550090-KTP3	317	0:749715	b.   тωὶﮐт	2	2026-07-31 22:08:47
38832	1785550090-KTP3	332	1:68033122	b.   reptaR＃nosleeptilgroups	2	2026-07-31 22:08:49
38833	1785550090-KTP3	326	0:1794	[$] billbsod	1	2026-07-31 22:08:49
38834	1785550090-KTP3	306	0:2221518	[$] hypnotik_0_x	1	2026-07-31 22:08:52
38835	1785550090-KTP3	311	0:99398	[$] cory?	1	2026-07-31 22:08:56
38836	1785550090-KTP3	350	1:24850	b.   steveeeeeeeeeveve	2	2026-07-31 22:08:57
38873	1785552718-KTP1	293	1:2312843	[bb] Polak	1	2026-07-31 22:52:07
38874	1785552718-KTP1	325	1:9833731	NoSo ! Bausch	2	2026-07-31 22:52:07
38875	1785552718-KTP1	302	0:77934219	[bb] pb_	1	2026-07-31 22:52:27
38876	1785552718-KTP1	324	0:25429845	NoSo ! Sauvage	2	2026-07-31 22:52:27
38877	1785552718-KTP1	341	1:67913	NoSo ! yayme	2	2026-07-31 22:52:27
38878	1785552718-KTP1	292	1:2052836	[bb] piff	1	2026-07-31 22:52:27
38879	1785552718-KTP1	318	1:18676541	NoSo ! CrankinHawg	2	2026-07-31 22:52:41
38880	1785552718-KTP1	322	0:123285	NoSo ! Khoi	2	2026-07-31 22:52:45
38881	1785552718-KTP1	339	1:961681828	[bb] bR0M ＃wetya	1	2026-07-31 22:52:45
38882	1785552718-KTP1	312	1:6122950	NoSo ! arachnid	2	2026-07-31 22:52:50
38883	1785552718-KTP1	294	1:10054114	[bb] 3SidedQuarter	1	2026-07-31 22:52:50
38884	1785552718-KTP1	301	0:32793027	[bb] cK-	1	2026-07-31 22:52:56
38897	1785554468-KTP2	343	1:6155141	dicE[: :]m00cat :D	1	2026-07-31 23:21:37
38898	1785554468-KTP2	295	0:104450108	[bb] burrito spider	2	2026-07-31 23:21:37
38899	1785554468-KTP2	342	0:72967	b.   hey hi	1	2026-07-31 23:21:43
38900	1785554468-KTP2	350	1:24850	b.   steveeeeeeeeeveve	2	2026-07-31 23:21:43
38901	1785554468-KTP2	317	0:749715	b.   тωὶﮐт	1	2026-07-31 23:21:44
38902	1785554468-KTP2	337	1:31962398	chopsticks master	2	2026-07-31 23:21:44
38903	1785554468-KTP2	290	0:836459725	TillJim	2	2026-07-31 23:21:45
38904	1785554468-KTP2	298	1:11494215	Hub	2	2026-07-31 23:21:49
38905	1785554468-KTP2	336	0:3612473	milo	1	2026-07-31 23:21:51
38906	1785554468-KTP2	299	1:93610	patten	1	2026-07-31 23:21:58
38907	1785554468-KTP2	334	1:64041420	G00sePatrol! Nicholson	1	2026-07-31 23:22:00
38908	1785554468-KTP2	328	0:15083886	[NATO] Maucin	2	2026-07-31 23:22:17
38921	1785558420-KTP1	293	1:2312843	[bb] Polak	1	2026-08-01 00:27:28
38922	1785558420-KTP1	290	0:836459725	TillJim	2	2026-08-01 00:27:28
38923	1785558420-KTP1	309	1:51476452	煽る[bc]	2	2026-08-01 00:27:33
38924	1785558420-KTP1	302	0:77934219	[bb] pb_	2	2026-08-01 00:27:40
38925	1785558420-KTP1	295	0:104450108	[bb] reppoĦ	1	2026-08-01 00:27:42
38926	1785558420-KTP1	332	1:68033122	b.   o[bb]y	2	2026-08-01 00:27:42
38927	1785558420-KTP1	301	0:32793027	[bb] cK-	1	2026-08-01 00:27:45
38928	1785558420-KTP1	350	1:24850	b.   steveeeeeeeeeveve	2	2026-08-01 00:27:45
38929	1785558420-KTP1	339	1:961681828	[bb] bR0M ＃wetya	1	2026-08-01 00:27:45
38930	1785558420-KTP1	299	1:93610	patten	2	2026-08-01 00:28:00
38931	1785558420-KTP1	334	1:64041420	clarence claymore	1	2026-08-01 00:28:02
38932	1785558420-KTP1	294	1:10054114	[bb] 3SidedQuarter	1	2026-08-01 00:28:17
38945	1785602793-KTP5	307	0:7735372	Does He Touch You??!!	1	2026-08-01 12:46:41
38946	1785602793-KTP5	309	1:51476452	ßℓυ†н | incite[bc]	2	2026-08-01 12:46:41
38947	1785602793-KTP5	334	1:64041420	G00sePatrol! Nicholson	2	2026-08-01 12:47:03
38948	1785602793-KTP5	302	0:77934219	[bb] pb_	1	2026-08-01 12:47:03
38949	1785602793-KTP5	292	1:2052836	piff	1	2026-08-01 12:47:05
38950	1785602793-KTP5	297	1:25130574	uR[TM]* zamp0lit	2	2026-08-01 12:47:05
38951	1785602793-KTP5	293	1:2312843	[bb] Polak	2	2026-08-01 12:47:10
38952	1785602793-KTP5	301	0:32793027	Empy	2	2026-08-01 12:47:19
38953	1785602793-KTP5	290	0:836459725	t3 ! s3 [tinydick]	1	2026-08-01 12:47:52
38954	1785602793-KTP5	288	1:443810	ßℓυ†н | kroD-	1	2026-08-01 12:48:09
38955	1785602793-KTP5	352	1:10437288	SirSnipeys	1	2026-08-01 12:49:09
38956	1785602793-KTP5	295	0:104450108	[bb] reppoĦ	2	2026-08-01 12:51:46
38957	1785602793-KTP5	351	1:16016464	[bb] bR0M ＃wetya	2	2026-08-01 12:52:02
38958	1785604799-KTP3	351	1:16016464	[bb] bR0M ＃4petey<3	1	2026-08-01 13:20:32
38959	1785604799-KTP3	347	0:363246168	[NATO] NoName^	2	2026-08-01 13:20:32
38960	1785604799-KTP3	294	1:10054114	[bb] 3SidedQuarter ＃4 -|Ea|-	1	2026-08-01 13:20:36
38961	1785604799-KTP3	335	1:9446506	[NATO] Ho0liii <3 nakk	2	2026-08-01 13:20:36
38962	1785604799-KTP3	298	1:11494215	[NATO] Hub	2	2026-08-01 13:20:38
38963	1785604799-KTP3	292	1:2052836	[bb] piff ＃4Monty	1	2026-08-01 13:20:38
38964	1785604799-KTP3	328	0:15083886	[NATO] Sq =)))	2	2026-08-01 13:20:41
38965	1785604799-KTP3	295	0:104450108	[bb] reppoĦ ＃4bigbird	1	2026-08-01 13:20:41
38966	1785604799-KTP3	333	1:351766339	[NATO] nightmare＃old	2	2026-08-01 13:20:41
38967	1785604799-KTP3	302	0:77934219	[bb] pb_	1	2026-08-01 13:20:45
38968	1785604799-KTP3	337	1:31962398	[NATO] baiko	2	2026-08-01 13:21:05
38969	1785604799-KTP3	301	0:32793027	[bb] cK- ＃phillylan2026	1	2026-08-01 13:21:05
38970	1785605141-KTP5	334	1:64041420	ßℓυ†н | nicholson	1	2026-08-01 13:25:48
38971	1785605141-KTP5	325	1:9833731	NoSo ! Bausch	2	2026-08-01 13:25:48
38972	1785605141-KTP5	309	1:51476452	ßℓυ†н | incite[bc]	1	2026-08-01 13:26:12
38973	1785605141-KTP5	322	0:123285	NoSo ! Khoi	2	2026-08-01 13:26:12
38974	1785605141-KTP5	341	1:67913	NoSo ! yayme	2	2026-08-01 13:26:16
38975	1785605141-KTP5	312	1:6122950	NoSo ! arachnid	2	2026-08-01 13:26:21
38976	1785605141-KTP5	299	1:93610	ßℓυ†н | patten	1	2026-08-01 13:26:21
38977	1785605176-KTP4	320	1:8702451	****JTM   ian <3 h1sey	1	2026-08-01 13:26:21
38978	1785605176-KTP4	350	1:24850	b.   steve	2	2026-08-01 13:26:21
38979	1785605176-KTP4	327	1:1699528	****JTM   jules	1	2026-08-01 13:26:22
38980	1785605176-KTP4	332	1:68033122	b.   reptaR	2	2026-08-01 13:26:22
38981	1785605141-KTP5	290	0:836459725	ßℓυ†н | TillJim	1	2026-08-01 13:26:24
38982	1785605141-KTP5	288	1:443810	ßℓυ†н | kroD-	1	2026-08-01 13:26:25
38983	1785605141-KTP5	296	1:9865547	ßℓυ†н | p12	1	2026-08-01 13:26:28
38984	1785605141-KTP5	318	1:18676541	NoSo ! CrankinHawg	2	2026-08-01 13:26:39
38985	1785605141-KTP5	324	0:25429845	NoSo ! Savage¬	2	2026-08-01 13:26:39
38986	1785605176-KTP4	291	0:741614372	****JTM   omenayr.mp3	1	2026-08-01 13:26:45
38987	1785605176-KTP4	313	0:74027	****JTM   LaNGoNdd<3vt	1	2026-08-01 13:26:46
38988	1785605176-KTP4	317	0:749715	b.   тωὶﮐт	2	2026-08-01 13:26:46
38989	1785605176-KTP4	342	0:72967	b.   hey hi	2	2026-08-01 13:26:46
38990	1785605176-KTP4	314	0:4492	****JTM   mogers <3 h1sey	1	2026-08-01 13:26:48
38991	1785605176-KTP4	305	0:3906550	b.   sTarK_ x_0 <3＃77	2	2026-08-01 13:26:48
38992	1785605176-KTP4	323	0:78863	****JTM   ddorito	1	2026-08-01 13:26:52
38993	1785605176-KTP4	330	1:6758404	b.   e p y o n	2	2026-08-01 13:26:52
38994	1785605209-KTP2	310	0:10230748	iH.hildebrand?	1	2026-08-01 13:26:57
38995	1785605209-KTP2	352	1:10437288	uR[TM]* SirSnipeys	2	2026-08-01 13:26:57
38996	1785605209-KTP2	346	0:237126	uR[TM]* HLAH	2	2026-08-01 13:27:21
38997	1785605209-KTP2	304	0:16983	iH.vertex	1	2026-08-01 13:27:22
38998	1785605209-KTP2	338	0:11692441	iH.monday	1	2026-08-01 13:27:23
38999	1785605209-KTP2	307	0:7735372	uR[TM]* Ke:>^1.de	2	2026-08-01 13:27:23
39000	1785605209-KTP2	344	0:6291720	uR[TM]* Jee＃minou.exe	2	2026-08-01 13:27:29
39001	1785605209-KTP2	289	1:748805	iH.seanality	1	2026-08-01 13:27:30
39002	1785605209-KTP2	340	1:955338590	uR[TM]* Kevs Dolmetscher	2	2026-08-01 13:27:30
39003	1785605209-KTP2	297	1:25130574	uR[TM]* zamp0lit	2	2026-08-01 13:27:31
39004	1785605209-KTP2	300	0:90794	iH.kanguhhh?!	1	2026-08-01 13:27:31
39005	1785605209-KTP2	348	0:2996359	iH.s i k <3 n a t	1	2026-08-01 13:27:31
39006	1785605269-KTP1	321	0:8832199	dicE[: :]Gorilla[bc] <3Cooper	2	2026-08-01 13:27:57
39007	1785605269-KTP1	345	1:25292511	[$] nein_	1	2026-08-01 13:27:57
39008	1785605269-KTP1	343	1:6155141	dicE[: :]m00cat :D	2	2026-08-01 13:28:26
39009	1785605269-KTP1	331	0:642008661	[$] nomistizzle	1	2026-08-01 13:28:26
39010	1785605269-KTP1	306	0:2221518	[$] hypnotik_ 0_x	1	2026-08-01 13:28:28
39011	1785605269-KTP1	315	1:10468563	dicE[: :]element	2	2026-08-01 13:28:40
39012	1785605269-KTP1	326	0:1794	[$] billbsod	1	2026-08-01 13:28:40
39013	1785605269-KTP1	308	1:777438	[$] tokih	1	2026-08-01 13:28:44
39014	1785605269-KTP1	319	0:281787	dicE[: :]warchyld[dd]	2	2026-08-01 13:28:44
39015	1785605269-KTP1	311	0:99398	[$] cory 4 hvk	1	2026-08-01 13:28:46
39016	1785605269-KTP1	316	1:1547256	dicE[: :]stealthlol＃kingCOOP	2	2026-08-01 13:28:49
39017	1785605269-KTP1	336	0:3612473	dicE[: :]player	2	2026-08-01 13:29:06
39078	1785609337-KTP2	342	0:72967	b.   hey hi <3 dustbin	1	2026-08-01 14:35:43
39079	1785609337-KTP2	310	0:10230748	iH.hildebrand?	2	2026-08-01 14:35:43
39080	1785609337-KTP2	348	0:2996359	iH.s i k <3 n a t	2	2026-08-01 14:35:46
39081	1785609337-KTP2	332	1:68033122	b.   reptaR	1	2026-08-01 14:36:12
39082	1785609337-KTP2	350	1:24850	b.   steve	1	2026-08-01 14:36:14
39083	1785609337-KTP2	304	0:16983	iH.vertex	2	2026-08-01 14:36:15
39084	1785609337-KTP2	330	1:6758404	b.   e p y o n	1	2026-08-01 14:36:23
39085	1785609337-KTP2	300	0:90794	iH.kanguhhh?!	2	2026-08-01 14:36:23
39086	1785609337-KTP2	338	0:11692441	iH.monday	2	2026-08-01 14:36:26
39087	1785609337-KTP2	317	0:749715	b.   тωὶﮐт	1	2026-08-01 14:36:28
39088	1785609337-KTP2	305	0:3906550	b.   sTarK_ x_0 <3＃77	1	2026-08-01 14:36:36
39089	1785609337-KTP2	289	1:748805	iH.seanality	2	2026-08-01 14:37:08
39090	1785609454-KTP1	321	0:8832199	dicE[: :]Gorilla[bc] <3Cooper	1	2026-08-01 14:38:06
39091	1785609454-KTP1	309	1:51476452	ßℓυ†н | incite[bc]	2	2026-08-01 14:38:06
39092	1785609454-KTP1	288	1:443810	ßℓυ†н | kroD-	2	2026-08-01 14:38:08
39093	1785609454-KTP1	316	1:1547256	dicE[: :]stealthlol＃kingCOOP	1	2026-08-01 14:38:09
39094	1785609454-KTP1	299	1:93610	ßℓυ†н | patten	2	2026-08-01 14:38:09
39095	1785609454-KTP1	319	0:281787	dicE[: :]warchyld[dd]	1	2026-08-01 14:38:10
39096	1785609454-KTP1	296	1:9865547	ßℓυ†н | p12	2	2026-08-01 14:38:10
39097	1785609454-KTP1	334	1:64041420	ßℓυ†н | nicholson	2	2026-08-01 14:38:10
39098	1785609454-KTP1	315	1:10468563	dicE[: :]element	1	2026-08-01 14:38:17
39099	1785609454-KTP1	290	0:836459725	ßℓυ†н | TillJim	2	2026-08-01 14:38:17
39100	1785609454-KTP1	343	1:6155141	dicE[: :]m00cat :D	1	2026-08-01 14:38:24
39101	1785609454-KTP1	336	0:3612473	dicE[: :]player	1	2026-08-01 14:39:20
39102	1785609569-KTP5	331	0:642008661	[$] nomistizzle	2	2026-08-01 14:39:35
39103	1785609569-KTP5	294	1:10054114	[bb] 3SidedQuarter ＃4 -|Ea|-	1	2026-08-01 14:39:35
39104	1785609569-KTP5	351	1:16016464	[bb] bR0M ＃4BIGDAWG	1	2026-08-01 14:40:02
39105	1785609569-KTP5	311	0:99398	[$] cory 4 hvk	2	2026-08-01 14:40:02
39106	1785609594-KTP3	298	1:11494215	[NATO] Hub	2	2026-08-01 14:40:02
39107	1785609594-KTP3	318	1:18676541	NoSo ! CrankinHawg	1	2026-08-01 14:40:02
39108	1785609569-KTP5	295	0:104450108	[bb] reppoĦ ＃4bigbird	1	2026-08-01 14:40:03
39109	1785609569-KTP5	345	1:25292511	[$] nein_	2	2026-08-01 14:40:03
39110	1785609594-KTP3	335	1:9446506	[NATO] Ho0liii <3 nakk	2	2026-08-01 14:40:04
39111	1785609594-KTP3	312	1:6122950	NoSo ! arachnid	1	2026-08-01 14:40:04
39112	1785609569-KTP5	306	0:2221518	[$] hypnotik_ 0_x	2	2026-08-01 14:40:05
39113	1785609602-KTP4	323	0:78863	****JTM   ddorito	1	2026-08-01 14:40:08
39114	1785609602-KTP4	344	0:6291720	uR[TM]* Jee＃minou.exe	2	2026-08-01 14:40:08
39115	1785609569-KTP5	308	1:777438	[$] tokih	2	2026-08-01 14:40:11
39116	1785609569-KTP5	326	0:1794	[$] billbsod	2	2026-08-01 14:40:19
39117	1785609569-KTP5	301	0:32793027	[bb] cK- ＃phillylan2026	1	2026-08-01 14:40:19
39118	1785609569-KTP5	292	1:2052836	[bb] piff ＃4Monty	1	2026-08-01 14:40:23
39119	1785609569-KTP5	293	1:2312843	[bb] Aderlak // el forko	1	2026-08-01 14:40:30
39120	1785609602-KTP4	307	0:7735372	uR[TM]* Ke:>^1.de	2	2026-08-01 14:40:34
39121	1785609602-KTP4	320	1:8702451	****JTM   ian	1	2026-08-01 14:40:34
39122	1785609602-KTP4	352	1:10437288	uR[TM]* SirSnipeys	2	2026-08-01 14:40:37
39123	1785609594-KTP3	322	0:123285	NoSo ! Khoi	1	2026-08-01 14:40:37
39124	1785609594-KTP3	328	0:15083886	[NATO] Sq =)))	2	2026-08-01 14:40:37
39125	1785609602-KTP4	327	1:1699528	****JTM   jules	1	2026-08-01 14:40:38
39126	1785609594-KTP3	324	0:25429845	NoSo ! Savage¬	1	2026-08-01 14:40:38
39127	1785609602-KTP4	313	0:74027	****JTM   LaNGoNdd<3vt	1	2026-08-01 14:40:40
39128	1785609602-KTP4	291	0:741614372	****JTM   omenayr.mp3	1	2026-08-01 14:40:41
39129	1785609594-KTP3	337	1:31962398	[NATO] baiko ＃gubbe.se	2	2026-08-01 14:40:48
39130	1785609594-KTP3	341	1:67913	NoSo ! yayme	1	2026-08-01 14:40:48
39131	1785609594-KTP3	333	1:351766339	[NATO] nightmare＃old	2	2026-08-01 14:40:48
39132	1785609594-KTP3	325	1:9833731	NoSo ! Bausch	1	2026-08-01 14:41:02
39133	1785609602-KTP4	340	1:955338590	uR[TM]* Kevs Dolmetscher	2	2026-08-01 14:41:06
39134	1785609602-KTP4	346	0:237126	uR[TM]* HLAH	2	2026-08-01 14:41:07
39135	1785609602-KTP4	297	1:25130574	uR[TM]* zamp0lit	2	2026-08-01 14:41:09
39136	1785609602-KTP4	314	0:4492	****JTM   mogers <3 h1sey	1	2026-08-01 14:41:09
39137	1785609594-KTP3	347	0:363246168	[NATO] NoName^	2	2026-08-01 14:41:43
39198	1785613411-KTP5	345	1:25292511	[$] nein_	2	2026-08-01 15:44:05
39199	1785613411-KTP5	305	0:3906550	b.   sTarK_ x_0 <3＃77	1	2026-08-01 15:44:05
39200	1785613411-KTP5	330	1:6758404	b.   e p y o n	1	2026-08-01 15:44:09
39201	1785613411-KTP5	308	1:777438	[$] tokih	2	2026-08-01 15:44:13
39202	1785613411-KTP5	342	0:72967	b.   hey hi <3 dustbin	1	2026-08-01 15:44:13
39203	1785613411-KTP5	350	1:24850	b.   steve	1	2026-08-01 15:44:16
39204	1785613411-KTP5	326	0:1794	[$] billbsod	2	2026-08-01 15:44:16
39205	1785613411-KTP5	331	0:642008661	[$] nomistizzle	2	2026-08-01 15:44:22
39206	1785613411-KTP5	332	1:68033122	b.   reptaR	1	2026-08-01 15:44:22
39207	1785613411-KTP5	311	0:99398	[$] cory 4 hvk	2	2026-08-01 15:44:24
39208	1785613411-KTP5	317	0:749715	b.   тωὶﮐт	1	2026-08-01 15:44:24
39209	1785613411-KTP5	306	0:2221518	[$] hypnotik_ 0_x	2	2026-08-01 15:44:28
39210	1785613505-KTP4	291	0:741614372	****JTM   omenayr.mp3	2	2026-08-01 15:45:14
39211	1785613505-KTP4	301	0:32793027	[bb] cK- ＃phillylan2026	1	2026-08-01 15:45:14
39212	1785613627-KTP4	302	0:77934219	[bb] pb_	2	2026-08-01 15:47:34
39213	1785613627-KTP4	313	0:74027	****JTM   LaNGoNdd<3vt	1	2026-08-01 15:47:34
39214	1785613627-KTP4	323	0:78863	****JTM   ddorito	1	2026-08-01 15:47:34
39215	1785613627-KTP4	301	0:32793027	[bb] cK- ＃phillylan2026	2	2026-08-01 15:47:41
39216	1785613638-KTP2	296	1:9865547	ßℓυ†н | p12	1	2026-08-01 15:47:43
39217	1785613638-KTP2	289	1:748805	iH.seanality	2	2026-08-01 15:47:43
39218	1785613627-KTP4	293	1:2312843	[bb] Polak needs some tox	2	2026-08-01 15:47:44
39219	1785613627-KTP4	320	1:8702451	****JTM   ian	1	2026-08-01 15:47:44
39220	1785613627-KTP4	295	0:104450108	[bb] reppoĦ ＃4Yaso_	2	2026-08-01 15:47:45
39221	1785613627-KTP4	327	1:1699528	****JTM   jules	1	2026-08-01 15:47:45
39222	1785613638-KTP2	290	0:836459725	ßℓυ†н | TillJim	1	2026-08-01 15:47:46
39223	1785613627-KTP4	292	1:2052836	[bb] piff ＃4Monty	2	2026-08-01 15:47:46
39224	1785613627-KTP4	291	0:741614372	****JTM   omenayr.mp3	1	2026-08-01 15:47:46
39225	1785613638-KTP2	304	0:16983	iH.vertex	2	2026-08-01 15:47:51
39226	1785613638-KTP2	334	1:64041420	ßℓυ†н | nicholson	1	2026-08-01 15:47:51
39227	1785613638-KTP2	348	0:2996359	iH.s i k <3 n a t	2	2026-08-01 15:47:55
39228	1785613638-KTP2	309	1:51476452	ßℓυ†н | incite[bc]	1	2026-08-01 15:47:55
39229	1785613627-KTP4	351	1:16016464	[bb] bR0M ＃4BIGDAWG	2	2026-08-01 15:48:04
39230	1785613638-KTP2	300	0:90794	iH.kanguhhh?!	2	2026-08-01 15:48:12
39231	1785613638-KTP2	338	0:11692441	iH.monday	2	2026-08-01 15:48:14
39232	1785613638-KTP2	288	1:443810	ßℓυ†н | kroD-	1	2026-08-01 15:48:18
39233	1785613638-KTP2	310	0:10230748	iH.hildebrand?	2	2026-08-01 15:48:30
39234	1785613627-KTP4	314	0:4492	****JTM   mogers <3 h1sey	1	2026-08-01 15:48:31
39235	1785613638-KTP2	299	1:93610	ßℓυ†н | patten	1	2026-08-01 15:48:56
39236	1785613816-KTP1	312	1:6122950	NoSo ! arachnid	2	2026-08-01 15:50:52
39237	1785613816-KTP1	319	0:281787	dicE[: :]warchyld[dd]	1	2026-08-01 15:50:52
39238	1785613816-KTP1	321	0:8832199	dicE[: :]Gorilla[bc] <3Cooper	1	2026-08-01 15:50:53
39239	1785613816-KTP1	325	1:9833731	NoSo ! Bausch	2	2026-08-01 15:50:53
39240	1785613816-KTP1	322	0:123285	NoSo ! Khoi	2	2026-08-01 15:50:54
39241	1785613816-KTP1	324	0:25429845	NoSo ! Savage¬	2	2026-08-01 15:50:55
39242	1785613816-KTP1	336	0:3612473	dicE[: :]player	1	2026-08-01 15:50:55
39243	1785613816-KTP1	315	1:10468563	dicE[: :]element	1	2026-08-01 15:51:01
39244	1785613816-KTP1	318	1:18676541	NoSo ! CrankinHawg	2	2026-08-01 15:51:02
39245	1785613816-KTP1	341	1:67913	NoSo ! yayme	2	2026-08-01 15:51:16
39246	1785613816-KTP1	316	1:1547256	dicE[: :]stealthlol＃kingCOOP	1	2026-08-01 15:51:16
39247	1785613816-KTP1	343	1:6155141	dicE[: :]m00cat :D	1	2026-08-01 15:51:19
39248	1785613970-KTP3	344	0:6291720	uR[TM]* Jee＃minou.exe	2	2026-08-01 15:52:59
39249	1785613970-KTP3	335	1:9446506	[NATO] Ho0liii <3 nakk	1	2026-08-01 15:52:59
39250	1785613970-KTP3	337	1:31962398	[NATO] baiko ＃gubbe.se	1	2026-08-01 15:53:17
39251	1785613970-KTP3	352	1:10437288	uR[TM]* SirSnipeys	2	2026-08-01 15:53:17
39252	1785613970-KTP3	298	1:11494215	[NATO] Hub	1	2026-08-01 15:53:20
39253	1785613970-KTP3	307	0:7735372	uR[TM]* Ke:>^1.de	2	2026-08-01 15:53:23
39254	1785613970-KTP3	347	0:363246168	[NATO] NoName^	1	2026-08-01 15:53:26
39255	1785613970-KTP3	297	1:25130574	uR[TM]* zamp0lit	2	2026-08-01 15:53:28
39256	1785613970-KTP3	328	0:15083886	[NATO] Sq =)))	1	2026-08-01 15:53:28
39257	1785613970-KTP3	340	1:955338590	uR[TM]* Kevs Dolmetscher	2	2026-08-01 15:53:32
39258	1785613970-KTP3	333	1:351766339	[NATO] nightmare＃old	1	2026-08-01 15:53:32
39259	1785613970-KTP3	346	0:237126	uR[TM]* HLAH	2	2026-08-01 15:53:51
39320	1785622255-KTP4	318	1:18676541	NoSo ! CrankinHawg	2	2026-08-01 18:11:04
39321	1785622255-KTP4	311	0:99398	[$] cory 4 swiss	1	2026-08-01 18:11:04
39322	1785622255-KTP4	326	0:1794	[$] billbsod	1	2026-08-01 18:11:05
39323	1785622255-KTP4	324	0:25429845	NoSo ! Savage¬	2	2026-08-01 18:11:05
39324	1785622255-KTP4	322	0:123285	NoSo ! Khoi	2	2026-08-01 18:11:25
39325	1785622255-KTP4	341	1:67913	NoSo ! yayme	2	2026-08-01 18:11:26
39326	1785622255-KTP4	306	0:2221518	[$] hypnotik_ 0_x	1	2026-08-01 18:11:26
39327	1785622255-KTP4	312	1:6122950	NoSo ! arachnid	2	2026-08-01 18:11:38
39328	1785622255-KTP4	308	1:777438	[$] tokih	1	2026-08-01 18:11:38
39329	1785622255-KTP4	331	0:642008661	[$] nomistizzle	1	2026-08-01 18:11:44
39330	1785622255-KTP4	325	1:9833731	NoSo ! Bausch	2	2026-08-01 18:11:44
39331	1785622255-KTP4	345	1:25292511	[$] nein_	1	2026-08-01 18:12:34
39332	1785622597-KTP2	289	1:748805	iH.seanality	1	2026-08-01 18:16:42
39333	1785622597-KTP2	335	1:9446506	[NATO] Ho0liii <3 nakk	2	2026-08-01 18:16:42
39334	1785622597-KTP2	333	1:351766339	[NATO] nightmare＃old	2	2026-08-01 18:16:46
39335	1785622597-KTP2	338	0:11692441	iH.monday	1	2026-08-01 18:17:06
39336	1785622597-KTP2	337	1:31962398	[NATO] baiko ＃gubbe.se	2	2026-08-01 18:17:11
39337	1785622597-KTP2	348	0:2996359	iH.s i k <3 n a t	1	2026-08-01 18:17:11
39338	1785622599-KTP1	327	1:1699528	****JTM   jules	1	2026-08-01 18:17:15
39339	1785622599-KTP1	343	1:6155141	dicE[: :]m00cat :D	2	2026-08-01 18:17:15
39340	1785622597-KTP2	298	1:11494215	[NATO] Hub	2	2026-08-01 18:17:15
39341	1785622599-KTP1	291	0:741614372	****JTM   omenayr 4 jGaleZ	1	2026-08-01 18:17:17
39342	1785622599-KTP1	319	0:281787	dicE[: :]warchyld[dd]	2	2026-08-01 18:17:17
39343	1785622597-KTP2	300	0:90794	iH.kanguhhh?!	1	2026-08-01 18:17:19
39344	1785622599-KTP1	321	0:8832199	dicE[: :]Gorilla[bc] <3Cooper	2	2026-08-01 18:17:22
39345	1785622597-KTP2	310	0:10230748	iH.hildebrand?	1	2026-08-01 18:17:27
39346	1785622599-KTP1	320	1:8702451	****JTM   ian	1	2026-08-01 18:17:34
39347	1785622599-KTP1	316	1:1547256	dicE[: :]stealthlol＃kingCOOP	2	2026-08-01 18:17:34
39348	1785622599-KTP1	313	0:74027	****JTM   LaNGoNdd<3vt	1	2026-08-01 18:17:34
39349	1785622599-KTP1	314	0:4492	****JTM   mogers <3h	1	2026-08-01 18:17:36
39350	1785622599-KTP1	315	1:10468563	dicE[: :]element	2	2026-08-01 18:17:36
39351	1785622597-KTP2	347	0:363246168	[NATO] NoName^	2	2026-08-01 18:17:37
39352	1785622599-KTP1	323	0:78863	****JTM   ddorito	1	2026-08-01 18:17:40
39353	1785622599-KTP1	336	0:3612473	dicE[: :]player	2	2026-08-01 18:17:40
39354	1785622597-KTP2	328	0:15083886	[NATO] Sq =)))	2	2026-08-01 18:17:49
39355	1785622597-KTP2	304	0:16983	iH.vertex	1	2026-08-01 18:17:56
39356	1785623014-KTP5	344	0:6291720	uR[TM]* Jee＃minou.exe	2	2026-08-01 18:23:40
39357	1785623014-KTP5	317	0:749715	b.   тωὶﮐт	1	2026-08-01 18:23:40
39358	1785623014-KTP5	307	0:7735372	uR[TM]* Ke:>^1.de	2	2026-08-01 18:24:04
39359	1785623014-KTP5	352	1:10437288	uR[TM]* SirSnipeys	2	2026-08-01 18:24:06
39360	1785623014-KTP5	332	1:68033122	b.   reptaR	1	2026-08-01 18:24:06
39361	1785623014-KTP5	346	0:237126	uR[TM]* HLAH	2	2026-08-01 18:24:08
39362	1785623014-KTP5	305	0:3906550	b.   sTarK_ x_0 <3＃77	1	2026-08-01 18:24:08
39363	1785623014-KTP5	350	1:24850	b.   steve	1	2026-08-01 18:24:11
39364	1785623014-KTP5	342	0:72967	b.   hey hi <3 dustbin	1	2026-08-01 18:24:12
39365	1785623033-KTP3	309	1:51476452	ßℓυ†н | incite[bc]	1	2026-08-01 18:24:24
39366	1785623033-KTP3	292	1:2052836	[bb] piff ＃4Monty	2	2026-08-01 18:24:24
39367	1785623033-KTP3	288	1:443810	ßℓυ†н | kroD-	1	2026-08-01 18:24:24
39368	1785623033-KTP3	293	1:2312843	[bb] Polak	2	2026-08-01 18:24:24
39369	1785623033-KTP3	294	1:10054114	[bb] 3SidedQuarter ＃4 -|Ea|-	2	2026-08-01 18:24:27
39370	1785623033-KTP3	299	1:93610	ßℓυ†н | patten	1	2026-08-01 18:24:27
39371	1785623033-KTP3	334	1:64041420	ßℓυ†н | nicholson	1	2026-08-01 18:24:30
39372	1785623033-KTP3	301	0:32793027	[bb] cK- ＃phillylan2026	2	2026-08-01 18:24:30
39373	1785623033-KTP3	296	1:9865547	ßℓυ†н | p12	1	2026-08-01 18:24:30
39374	1785623033-KTP3	295	0:104450108	[bb] reppoĦ	2	2026-08-01 18:24:30
39375	1785623014-KTP5	330	1:6758404	b.   e p y o n	1	2026-08-01 18:24:30
39376	1785623014-KTP5	340	1:955338590	uR[TM]* Kevs Dolmetscher	2	2026-08-01 18:24:33
39377	1785623033-KTP3	290	0:836459725	ßℓυ†н | TillJim	1	2026-08-01 18:24:35
39378	1785623033-KTP3	302	0:77934219	[bb] pb_	2	2026-08-01 18:24:35
39379	1785623014-KTP5	297	1:25130574	uR[TM]* zamp0lit	2	2026-08-01 18:24:44
39440	1785626865-KTP1	315	1:10468563	dicE[: :]element	1	2026-08-01 19:28:10
39441	1785626865-KTP1	335	1:9446506	[NATO] Ho0liii <3 nakk	2	2026-08-01 19:28:10
39442	1785626865-KTP1	319	0:281787	dicE[: :]warchyld[dd]	1	2026-08-01 19:28:11
39443	1785626865-KTP1	328	0:15083886	[NATO] Sq =)))	2	2026-08-01 19:28:11
39444	1785626865-KTP1	316	1:1547256	dicE[: :]stealthlol＃kingCOOP	1	2026-08-01 19:28:12
39445	1785626865-KTP1	337	1:31962398	[NATO] baiko ＃gubbe.se	2	2026-08-01 19:28:12
39446	1785626865-KTP1	347	0:363246168	[NATO] NoName^	2	2026-08-01 19:28:19
39447	1785626865-KTP1	333	1:351766339	[NATO] nightmare＃old	2	2026-08-01 19:28:19
39448	1785626865-KTP1	336	0:3612473	dicE[: :]player	1	2026-08-01 19:28:19
39449	1785626865-KTP1	343	1:6155141	dicE[: :]m00cat :D	1	2026-08-01 19:28:24
39450	1785626865-KTP1	298	1:11494215	[NATO] Hub	2	2026-08-01 19:28:26
39451	1785626865-KTP1	321	0:8832199	dicE[: :]Gorilla[bc] <3Cooper	1	2026-08-01 19:28:26
39452	1785626889-KTP2	300	0:90794	iH.kanguhhh?!	2	2026-08-01 19:28:35
39453	1785626889-KTP2	291	0:741614372	****JTM   omenayr 4 jGaleZ	1	2026-08-01 19:28:35
39454	1785626889-KTP2	327	1:1699528	****JTM   jules	1	2026-08-01 19:28:39
39455	1785626889-KTP2	310	0:10230748	iH.hildebrand?	2	2026-08-01 19:28:39
39456	1785626889-KTP2	323	0:78863	****JTM   ddorito	1	2026-08-01 19:28:43
39457	1785626889-KTP2	304	0:16983	iH.vertex	2	2026-08-01 19:28:43
39458	1785626889-KTP2	314	0:4492	****JTM   mogers <3h	1	2026-08-01 19:28:43
39459	1785626889-KTP2	313	0:74027	****JTM   LaNGoNdd<3vt	1	2026-08-01 19:28:43
39460	1785626889-KTP2	348	0:2996359	iH.s i k <3 n a t	2	2026-08-01 19:28:48
39461	1785626889-KTP2	289	1:748805	iH.seanality	2	2026-08-01 19:28:50
39462	1785626889-KTP2	338	0:11692441	iH.monday	2	2026-08-01 19:29:01
39463	1785626889-KTP2	320	1:8702451	****JTM   ian	1	2026-08-01 19:29:05
39464	1785626968-KTP5	311	0:99398	[$] cory 4 swiss	2	2026-08-01 19:29:34
39465	1785626968-KTP5	297	1:25130574	uR[TM]* zamp0lit	1	2026-08-01 19:29:34
39466	1785626968-KTP5	340	1:955338590	uR[TM]* Kevs Dolmetscher	1	2026-08-01 19:29:34
39467	1785626968-KTP5	308	1:777438	[$] tokih	2	2026-08-01 19:29:50
39468	1785626968-KTP5	331	0:642008661	[$] nomistizzle <3 kev	2	2026-08-01 19:29:55
39469	1785626968-KTP5	352	1:10437288	uR[TM]* SirSnipeys	1	2026-08-01 19:29:55
39470	1785626968-KTP5	345	1:25292511	[$] nein_	2	2026-08-01 19:29:59
39471	1785626968-KTP5	346	0:237126	uR[TM]* HLAH	1	2026-08-01 19:29:59
39472	1785626968-KTP5	307	0:7735372	uR[TM]* Ke:>^1.de <3 nomis	1	2026-08-01 19:30:06
39473	1785626968-KTP5	326	0:1794	[$] billbsod	2	2026-08-01 19:30:36
39474	1785626968-KTP5	306	0:2221518	[$] hypnotik_ 0_x	2	2026-08-01 19:30:42
39475	1785626968-KTP5	344	0:6291720	uR[TM]* Jee＃minou.exe	1	2026-08-01 19:30:42
39476	1785627163-KTP3	290	0:836459725	ßℓυ†н | TillJim	2	2026-08-01 19:32:50
39477	1785627163-KTP3	305	0:3906550	b.   sTarK_ x_0 <3＃77	1	2026-08-01 19:32:50
39478	1785627163-KTP3	299	1:93610	ßℓυ†н | patten	2	2026-08-01 19:33:05
39479	1785627163-KTP3	332	1:68033122	b.   reptaR	1	2026-08-01 19:33:05
39480	1785627163-KTP3	350	1:24850	b.   steve	1	2026-08-01 19:33:12
39481	1785627163-KTP3	309	1:51476452	ßℓυ†н | incite[bc]	2	2026-08-01 19:33:23
39482	1785627163-KTP3	342	0:72967	b.   hey hi <3 dustbin	1	2026-08-01 19:33:23
39483	1785627163-KTP3	317	0:749715	b.   тωὶﮐт	1	2026-08-01 19:33:25
39484	1785627163-KTP3	334	1:64041420	ßℓυ†н | nicholson	2	2026-08-01 19:33:25
39485	1785627163-KTP3	296	1:9865547	ßℓυ†н | p12	2	2026-08-01 19:33:28
39486	1785627163-KTP3	288	1:443810	ßℓυ†н | kroD-	2	2026-08-01 19:33:40
39487	1785627163-KTP3	330	1:6758404	b.   e p y o n	1	2026-08-01 19:33:40
39488	1785627335-KTP4	301	0:32793027	[bb] cK- ＃phillylan2026	2	2026-08-01 19:36:00
39489	1785627335-KTP4	312	1:6122950	NoSo ! arachnid	1	2026-08-01 19:36:00
39490	1785627335-KTP4	325	1:9833731	NoSo ! Bausch	1	2026-08-01 19:36:12
39491	1785627335-KTP4	295	0:104450108	[bb] reppoĦ	2	2026-08-01 19:36:14
39492	1785627335-KTP4	324	0:25429845	NoSo ! Savage¬	1	2026-08-01 19:36:14
39493	1785627335-KTP4	302	0:77934219	[bb] pb_	2	2026-08-01 19:36:16
39494	1785627335-KTP4	318	1:18676541	NoSo ! CrankinHawg	1	2026-08-01 19:36:18
39495	1785627335-KTP4	293	1:2312843	[bb] Polak ty for Coors <3	2	2026-08-01 19:36:20
39496	1785627335-KTP4	322	0:123285	NoSo ! Khoi	1	2026-08-01 19:36:20
39497	1785627335-KTP4	351	1:16016464	[bb] bR0M ＃4BIGDAWG	2	2026-08-01 19:36:24
39498	1785627335-KTP4	294	1:10054114	[bb] 3SidedQuarter	2	2026-08-01 19:36:31
39499	1785627335-KTP4	341	1:67913	NoSo ! yayme	1	2026-08-01 19:36:31
39560	1785631534-KTP1	348	0:2996359	iH.s i k <3 n a t	2	2026-08-01 20:46:04
39561	1785631534-KTP1	319	0:281787	dicE[: :]warchyld[dd]	1	2026-08-01 20:46:04
39562	1785631534-KTP1	321	0:8832199	dicE[: :]Gorilla[bc] <3Cooper	1	2026-08-01 20:46:17
39563	1785631534-KTP1	336	0:3612473	dicE[: :]player	1	2026-08-01 20:46:20
39564	1785631534-KTP1	338	0:11692441	iH.monday	2	2026-08-01 20:46:20
39565	1785631534-KTP1	289	1:748805	iH.seanality	2	2026-08-01 20:46:24
39566	1785631534-KTP1	343	1:6155141	dicE[: :]m00cat :D	1	2026-08-01 20:46:27
39567	1785631534-KTP1	300	0:90794	iH.kanguhhh?!	2	2026-08-01 20:46:27
39568	1785631534-KTP1	310	0:10230748	iH.hildebrand?	2	2026-08-01 20:46:29
39569	1785631534-KTP1	315	1:10468563	dicE[: :]element	1	2026-08-01 20:46:31
39570	1785631534-KTP1	316	1:1547256	dicE[: :]stealthlol＃kingCOOP	1	2026-08-01 20:46:52
39571	1785631534-KTP1	304	0:16983	iH.vertex	2	2026-08-01 20:47:00
39572	1785631596-KTP2	320	1:8702451	****JTM   ian	1	2026-08-01 20:47:04
39573	1785631596-KTP2	335	1:9446506	[NATO] Ho0liii <3 nakk	2	2026-08-01 20:47:04
39574	1785631596-KTP2	314	0:4492	****JTM   mogers ＃ky	1	2026-08-01 20:47:05
39575	1785631596-KTP2	347	0:363246168	[NATO] NoName^	2	2026-08-01 20:47:05
39576	1785631596-KTP2	323	0:78863	****JTM   ddorito	1	2026-08-01 20:47:18
39577	1785631596-KTP2	328	0:15083886	[NATO] Sq =)))	2	2026-08-01 20:47:18
39578	1785631596-KTP2	337	1:31962398	[NATO] baiko ＃gubbe.se	2	2026-08-01 20:47:27
39579	1785631596-KTP2	298	1:11494215	[NATO] Hub	2	2026-08-01 20:47:29
39580	1785631596-KTP2	333	1:351766339	[NATO] nightmare＃old	2	2026-08-01 20:47:39
39581	1785631596-KTP2	313	0:74027	****JTM   LaNGoNdd<3vt	1	2026-08-01 20:47:39
39582	1785631646-KTP4	293	1:2312843	[bb] Polak rides Twist's boat	1	2026-08-01 20:47:57
39583	1785631646-KTP4	350	1:24850	b.   steve	2	2026-08-01 20:47:57
39584	1785631646-KTP4	294	1:10054114	[bb] 3SidedQuarter＃4 Bobby	1	2026-08-01 20:47:57
39585	1785631646-KTP4	317	0:749715	b.   тωὶﮐт	2	2026-08-01 20:47:57
39586	1785631596-KTP2	291	0:741614372	****JTM   omenayr 4 jGaleZ	1	2026-08-01 20:47:59
39587	1785631646-KTP4	305	0:3906550	b.   sTarK_ x_0 <3＃77	2	2026-08-01 20:47:59
39588	1785631646-KTP4	292	1:2052836	[bb] piff ＃4Monty	1	2026-08-01 20:47:59
39589	1785631646-KTP4	342	0:72967	b.   hey hi <3 dustbin	2	2026-08-01 20:48:01
39590	1785631646-KTP4	332	1:68033122	b.   o[bb]y	2	2026-08-01 20:48:05
39591	1785631646-KTP4	302	0:77934219	[bb] pb_	1	2026-08-01 20:48:05
39592	1785631596-KTP2	327	1:1699528	****JTM   jules	1	2026-08-01 20:48:06
39593	1785631646-KTP4	351	1:16016464	[bb] bR0M ＃4BIGDAWG	1	2026-08-01 20:48:16
39594	1785631646-KTP4	330	1:6758404	b.   e p y o n ＃Twistanic	2	2026-08-01 20:48:16
39595	1785631646-KTP4	295	0:104450108	[bb] reppoĦ＃tuckitin	1	2026-08-01 20:48:30
39596	1785631879-KTP3	290	0:836459725	ßℓυ†н | TillJim	1	2026-08-01 20:51:53
39597	1785631879-KTP3	345	1:25292511	[$] nein_	2	2026-08-01 20:51:53
39598	1785631879-KTP3	331	0:642008661	[$] nomistizzle	2	2026-08-01 20:52:04
39599	1785631879-KTP3	311	0:99398	[$] cory 4 rdk,jkimbro,liah	2	2026-08-01 20:52:04
39600	1785631879-KTP3	309	1:51476452	ßℓυ†н | incite[bc]	1	2026-08-01 20:52:04
39601	1785631879-KTP3	288	1:443810	ßℓυ†н | kroD-	1	2026-08-01 20:52:15
39602	1785631879-KTP3	299	1:93610	ßℓυ†н | patten	1	2026-08-01 20:52:25
39603	1785631879-KTP3	326	0:1794	[$] billymanbrewing	2	2026-08-01 20:52:25
39604	1785631879-KTP3	296	1:9865547	ßℓυ†н | p12	1	2026-08-01 20:52:27
39605	1785631879-KTP3	308	1:777438	[$] tokih	2	2026-08-01 20:52:36
39606	1785631879-KTP3	334	1:64041420	ßℓυ†н | nicholson	1	2026-08-01 20:52:55
39607	1785631879-KTP3	306	0:2221518	[$] hypnotik_ 0_x	2	2026-08-01 20:52:56
39608	1785632905-KTP5	322	0:123285	NoSo ! Khoi	1	2026-08-01 21:08:34
39609	1785632905-KTP5	307	0:7735372	uR[TM]* Ke:>^1.de <3 FUN	2	2026-08-01 21:08:34
39610	1785632905-KTP5	312	1:6122950	NoSo ! arachnid	1	2026-08-01 21:08:53
39611	1785632905-KTP5	341	1:67913	NoSo ! yayme	1	2026-08-01 21:08:58
39612	1785632905-KTP5	297	1:25130574	uR[TM]* zamp0lit	2	2026-08-01 21:08:58
39613	1785632905-KTP5	340	1:955338590	uR[TM]* Kevs Dolmetscher	2	2026-08-01 21:09:17
39614	1785632905-KTP5	318	1:18676541	NoSo ! CrankinHawg	1	2026-08-01 21:09:21
39615	1785632905-KTP5	352	1:10437288	uR[TM]* SirSnipeys	2	2026-08-01 21:09:21
39616	1785632905-KTP5	344	0:6291720	uR[TM]* Jee＃minou.exe	2	2026-08-01 21:09:21
39619	1785632905-KTP5	346	0:237126	uR[TM]* HLAH	2	2026-08-01 21:09:25
39623	1785632905-KTP5	325	1:9833731	NoSo ! Bausch	1	2026-08-01 21:09:49
39625	1785632905-KTP5	324	0:25429845	NoSo ! Savage¬	1	2026-08-01 21:09:57
39680	1785645287-KTP1	294	1:10054114	Damn it Bo[bb]y	1	2026-08-02 00:35:12
39681	1785645287-KTP1	295	0:104450108	[bb] reppoĦ	2	2026-08-02 00:35:12
39682	1785645287-KTP1	332	1:68033122	b.   o[bb]y	2	2026-08-02 00:35:14
39683	1785645287-KTP1	293	1:2312843	[bb] Polak rides Twist's boat	1	2026-08-02 00:35:15
39684	1785645287-KTP1	290	0:836459725	ßℓυ†н | TillJim	1	2026-08-02 00:35:16
39685	1785645287-KTP1	331	0:642008661	[$] nomistizzle	1	2026-08-02 00:35:18
39686	1785645287-KTP1	337	1:31962398	Huberto 'Pesadilla' Iglesias	2	2026-08-02 00:35:18
39687	1785645287-KTP1	334	1:64041420	G00sePatrol! Nicholson	1	2026-08-02 00:35:27
39688	1785645287-KTP1	317	0:749715	b.   тωὶﮐт	2	2026-08-02 00:35:27
39689	1785645287-KTP1	351	1:16016464	[bb] bR0M ＃4BOBBYWINGER	2	2026-08-02 00:35:35
39690	1785645287-KTP1	328	0:15083886	kurwa powers	2	2026-08-02 00:35:39
39691	1785645287-KTP1	309	1:51476452	煽る[bc]	1	2026-08-02 00:35:40
39704	1785647181-KTP1	293	1:2312843	[bb] Polak rides Twist's boat	1	2026-08-02 01:06:30
39705	1785647181-KTP1	317	0:749715	b.   тωὶﮐт	2	2026-08-02 01:06:30
39706	1785647181-KTP1	294	1:10054114	3SidedDruggaah	1	2026-08-02 01:06:52
39707	1785647181-KTP1	332	1:68033122	b.   o[bb]y	2	2026-08-02 01:06:52
39708	1785647181-KTP1	309	1:51476452	煽る[bc]	1	2026-08-02 01:06:53
39709	1785647181-KTP1	351	1:16016464	3SIDEDKURWA	2	2026-08-02 01:06:54
39710	1785647181-KTP1	334	1:64041420	G00sePatrol! Nicholson	1	2026-08-02 01:06:54
39711	1785647181-KTP1	290	0:836459725	ßℓυ†н | TillJim	1	2026-08-02 01:06:54
39712	1785647181-KTP1	337	1:31962398	[bb] pb_	2	2026-08-02 01:07:00
39713	1785647181-KTP1	331	0:642008661	[$] nomistizzle	1	2026-08-02 01:07:01
39714	1785647181-KTP1	328	0:15083886	kurwa powers	2	2026-08-02 01:07:04
39715	1785647181-KTP1	295	0:104450108	[bb] reppoĦ	2	2026-08-02 01:07:07
39716	1785683245-KTP3	342	0:72967	b.   hey hi <3 dustbin	1	2026-08-02 11:07:33
39717	1785683245-KTP3	306	0:2221518	[$] hypnotik_ 0_x	2	2026-08-02 11:07:33
39718	1785683245-KTP3	311	0:99398	[$] cory	2	2026-08-02 11:07:55
39719	1785683245-KTP3	305	0:3906550	b.   sTarK_ x_0 <3＃77	1	2026-08-02 11:07:55
39720	1785683245-KTP3	308	1:777438	[$] tokih	2	2026-08-02 11:07:56
39721	1785683245-KTP3	350	1:24850	b.   steve	1	2026-08-02 11:08:05
39722	1785683245-KTP3	330	1:6758404	b.   e p y o n	1	2026-08-02 11:08:05
39723	1785683245-KTP3	332	1:68033122	b.   o[bb]y	1	2026-08-02 11:08:11
39724	1785683245-KTP3	331	0:642008661	[$] nomistizzle	2	2026-08-02 11:08:11
39725	1785683245-KTP3	317	0:749715	b.   тωὶﮐт	1	2026-08-02 11:08:12
39726	1785683245-KTP3	326	0:1794	[$] billbsod	2	2026-08-02 11:08:12
39727	1785683245-KTP3	345	1:25292511	[$] nein_	2	2026-08-02 11:08:25
39740	1785684806-KTP2	352	1:10437288	uR[TM]* SirSnipeys	1	2026-08-02 11:34:03
39741	1785684806-KTP2	325	1:9833731	NoSo ! Bausch	2	2026-08-02 11:34:03
39742	1785684806-KTP2	322	0:123285	NoSo ! Khoi	2	2026-08-02 11:34:07
39743	1785684806-KTP2	344	0:6291720	uR[TM]* Yjeeeeeeeeeee	1	2026-08-02 11:34:07
39744	1785684806-KTP2	312	1:6122950	NoSo ! arachnid	2	2026-08-02 11:34:11
39745	1785684806-KTP2	297	1:25130574	uR[TM]* zamp0lit	1	2026-08-02 11:34:11
39746	1785684806-KTP2	318	1:18676541	NoSo ! CrankinHawg	2	2026-08-02 11:34:11
39747	1785684806-KTP2	340	1:955338590	uR[TM]* Kevs Dolmetscher	1	2026-08-02 11:34:22
39748	1785684806-KTP2	307	0:7735372	uR[TM]* Kev:>^1.de	1	2026-08-02 11:34:25
39749	1785684806-KTP2	324	0:25429845	NoSo ! Savage¬	2	2026-08-02 11:34:25
39750	1785684806-KTP2	346	0:237126	uR[TM]* HLAH	1	2026-08-02 11:34:25
39751	1785684806-KTP2	341	1:67913	NoSo ! yayme	2	2026-08-02 11:34:40
39752	1785684914-KTP5	296	1:9865547	ßℓυ†н | p12	1	2026-08-02 11:35:24
39753	1785684914-KTP5	298	1:11494215	[NATO] Hub	2	2026-08-02 11:35:24
39754	1785684914-KTP5	299	1:93610	ßℓυ†н | patten	1	2026-08-02 11:35:44
39755	1785684914-KTP5	328	0:15083886	[NATO] Sq =)))	2	2026-08-02 11:35:44
39756	1785684914-KTP5	334	1:64041420	ßℓυ†н | nicholson	1	2026-08-02 11:35:46
39757	1785684914-KTP5	337	1:31962398	[NATO] baiko ＃gubbe.se	2	2026-08-02 11:35:46
39758	1785684914-KTP5	290	0:836459725	ßℓυ†н | TillJim	1	2026-08-02 11:35:52
39759	1785684914-KTP5	309	1:51476452	ßℓυ†н | incite[bc]	1	2026-08-02 11:36:11
39760	1785684914-KTP5	333	1:351766339	[NATO] nightmare＃old	2	2026-08-02 11:36:11
39761	1785684914-KTP5	335	1:9446506	kidd funkadelic	2	2026-08-02 11:36:14
39762	1785684972-KTP4	315	1:10468563	dicE[: :]element	1	2026-08-02 11:36:17
39763	1785684972-KTP4	301	0:32793027	[bb] cK- ＃phillylan2026	2	2026-08-02 11:36:17
39764	1785684914-KTP5	347	0:363246168	[NATO] NoName^	2	2026-08-02 11:36:21
39765	1785684914-KTP5	288	1:443810	ßℓυ†н | kroD-	1	2026-08-02 11:36:24
39766	1785684972-KTP4	294	1:10054114	[bb]3SidedQuarter	2	2026-08-02 11:36:42
39767	1785684972-KTP4	319	0:281787	dicE[: :]warchyld[dd]	1	2026-08-02 11:36:42
39768	1785684972-KTP4	295	0:104450108	[bb] reppoĦ＃respectfully	2	2026-08-02 11:36:45
39769	1785684972-KTP4	343	1:6155141	dicE[: :]m00cat :D	1	2026-08-02 11:36:45
39770	1785684972-KTP4	321	0:8832199	dicE[: :]Gorilla[bc] <3Cooper	1	2026-08-02 11:36:50
39771	1785684972-KTP4	316	1:1547256	dicE[: :]stealthlol	1	2026-08-02 11:36:54
39772	1785684972-KTP4	336	0:3612473	dicE[: :]player	1	2026-08-02 11:36:55
39773	1785684972-KTP4	293	1:2312843	[bb] Polak	2	2026-08-02 11:37:10
39774	1785684972-KTP4	302	0:77934219	[bb] pb_	2	2026-08-02 11:37:14
39775	1785684972-KTP4	292	1:2052836	[bb] piff ＃4Monty	2	2026-08-02 11:37:14
39812	1785687748-KTP3	323	0:78863	****JTM   ddorito	1	2026-08-02 12:23:04
39813	1785687748-KTP3	337	1:31962398	[NATO] baiko ＃gubbe.se	2	2026-08-02 12:23:04
39814	1785687748-KTP3	328	0:15083886	[NATO] Sq =)))	2	2026-08-02 12:23:12
39815	1785687748-KTP3	313	0:74027	****JTM   LaNGoNdd<3vt	1	2026-08-02 12:23:12
39816	1785687748-KTP3	314	0:4492	****JTM   mogers 4ky <3h	1	2026-08-02 12:23:14
39817	1785687748-KTP3	298	1:11494215	[NATO] Hub	2	2026-08-02 12:23:14
39818	1785687748-KTP3	347	0:363246168	[NATO] NoName^	2	2026-08-02 12:23:19
39819	1785687748-KTP3	320	1:8702451	****JTM   ian	1	2026-08-02 12:23:19
39820	1785687748-KTP3	291	0:741614372	****JTM   omenayr	1	2026-08-02 12:23:21
39821	1785687748-KTP3	335	1:9446506	[NATO] Ho0liii <3 nakk	2	2026-08-02 12:23:22
39822	1785687748-KTP3	327	1:1699528	****JTM   jules	1	2026-08-02 12:23:27
39823	1785687748-KTP3	333	1:351766339	[NATO] nightmare＃old	2	2026-08-02 12:23:42
39824	1785688166-KTP2	309	1:51476452	ßℓυ†н | incite[bc]	1	2026-08-02 12:29:56
39825	1785688166-KTP2	301	0:32793027	[bb] cK- ＃phillylan2026	2	2026-08-02 12:29:56
39826	1785688166-KTP2	302	0:77934219	[bb] pb_	2	2026-08-02 12:29:56
39827	1785688166-KTP2	334	1:64041420	ßℓυ†н | nicholson	1	2026-08-02 12:29:56
39828	1785688166-KTP2	290	0:836459725	ßℓυ†н | TillJim	1	2026-08-02 12:29:57
39829	1785688166-KTP2	292	1:2052836	[bb] piff ＃4Monty	2	2026-08-02 12:30:01
39830	1785688166-KTP2	288	1:443810	ßℓυ†н | kroD-	1	2026-08-02 12:30:01
39831	1785688166-KTP2	295	0:104450108	[bb] reppoĦ＃respectfully	2	2026-08-02 12:30:04
39832	1785688166-KTP2	293	1:2312843	[bb] Polak ＃Joenzing	2	2026-08-02 12:30:08
39833	1785688166-KTP2	296	1:9865547	ßℓυ†н | p12	1	2026-08-02 12:30:21
39834	1785688166-KTP2	299	1:93610	ßℓυ†н | patten	1	2026-08-02 12:30:35
39835	1785688166-KTP2	294	1:10054114	[bb]3SidedQuarter	2	2026-08-02 12:30:35
39836	1785688578-KTP1	304	0:16983	iH.vertex	2	2026-08-02 12:36:27
39837	1785688578-KTP1	308	1:777438	[$] tokih	1	2026-08-02 12:36:27
39838	1785688578-KTP1	326	0:1794	[$] bsooodle	1	2026-08-02 12:36:49
39839	1785688578-KTP1	300	0:90794	iH.kanguhhh?! ＃bigsalsa	2	2026-08-02 12:36:49
39840	1785688578-KTP1	338	0:11692441	iH.monday	2	2026-08-02 12:36:54
39841	1785688578-KTP1	306	0:2221518	[$] hypnotik_ 0_x	1	2026-08-02 12:36:54
39842	1785688578-KTP1	331	0:642008661	[$] nomistizzle <3 icyhot	1	2026-08-02 12:36:59
39843	1785688578-KTP1	348	0:2996359	iH.s i k <3 n a t	2	2026-08-02 12:36:59
39844	1785688578-KTP1	310	0:10230748	iH.hildebrand?	2	2026-08-02 12:36:59
39845	1785688578-KTP1	311	0:99398	[$] cory <3 swiss	1	2026-08-02 12:37:03
39846	1785688578-KTP1	289	1:748805	iH.seanality	2	2026-08-02 12:37:10
39847	1785688578-KTP1	345	1:25292511	[$] nein_	1	2026-08-02 12:37:14
39860	1785689147-KTP5	317	0:749715	b.   тωὶﮐт	1	2026-08-02 12:46:16
39861	1785689147-KTP5	307	0:7735372	uR[TM]* Ke:>^1.de	2	2026-08-02 12:46:16
39862	1785689147-KTP5	305	0:3906550	b.   sTarK_ x_0 <3＃77	1	2026-08-02 12:46:17
39863	1785689147-KTP5	344	0:6291720	uR[TM]* Jee ＃22e＃minou	2	2026-08-02 12:46:17
39864	1785689147-KTP5	332	1:68033122	b.   o[bb]y	1	2026-08-02 12:46:19
39865	1785689147-KTP5	352	1:10437288	uR[TM]* SirSnipeys	2	2026-08-02 12:46:19
39866	1785689147-KTP5	297	1:25130574	uR[TM]* zamp0lit	2	2026-08-02 12:46:24
39867	1785689147-KTP5	346	0:237126	uR[TM]* HLAH	2	2026-08-02 12:46:25
39868	1785689147-KTP5	342	0:72967	b.   hey hi <3 dustbin	1	2026-08-02 12:46:25
39869	1785689147-KTP5	330	1:6758404	b.   e p y o n	1	2026-08-02 12:46:28
39870	1785689147-KTP5	340	1:955338590	uR[TM]* Kevs Dolmetscher	2	2026-08-02 12:46:29
39871	1785689147-KTP5	350	1:24850	b.   steve	1	2026-08-02 12:46:34
39872	1785689244-KTP4	319	0:281787	dicE[: :]warchyld[dd]	1	2026-08-02 12:47:49
39873	1785689244-KTP4	322	0:123285	NoSo ! Khoi	2	2026-08-02 12:47:49
39874	1785689244-KTP4	324	0:25429845	NoSo ! Savage¬	2	2026-08-02 12:47:50
39875	1785689244-KTP4	315	1:10468563	dicE[: :]element	1	2026-08-02 12:47:50
39876	1785689244-KTP4	321	0:8832199	dicE[: :]Gorilla[bc] <3Cooper	1	2026-08-02 12:47:51
39877	1785689244-KTP4	318	1:18676541	NoSo ! CrankinHawg	2	2026-08-02 12:47:51
39878	1785689244-KTP4	341	1:67913	NoSo ! yayme	2	2026-08-02 12:47:55
39879	1785689244-KTP4	316	1:1547256	dicE[: :]stealthlol	1	2026-08-02 12:47:59
39880	1785689244-KTP4	312	1:6122950	NoSo ! arachnid	2	2026-08-02 12:48:04
39881	1785689244-KTP4	343	1:6155141	dicE[: :]m00cat :D	1	2026-08-02 12:48:08
39882	1785689244-KTP4	325	1:9833731	NoSo ! Bausch	2	2026-08-02 12:48:22
39883	1785689244-KTP4	336	0:3612473	dicE[: :]player	1	2026-08-02 12:48:37
39932	1785691815-KTP3	291	0:741614372	****JTM   ihatealiceglass	1	2026-08-02 13:30:21
39933	1785691815-KTP3	335	1:9446506	[NATO] Ho0liii <3 nakk	2	2026-08-02 13:30:21
39934	1785691815-KTP3	323	0:78863	****JTM   ddorito	1	2026-08-02 13:30:21
39935	1785691815-KTP3	298	1:11494215	[NATO] Hub	2	2026-08-02 13:30:21
39936	1785691815-KTP3	320	1:8702451	****JTM   ian	1	2026-08-02 13:30:46
39937	1785691815-KTP3	328	0:15083886	[NATO] Sq =)))	2	2026-08-02 13:30:46
39938	1785691815-KTP3	337	1:31962398	[NATO] baiko ＃gubbe.se	2	2026-08-02 13:30:46
39939	1785691815-KTP3	314	0:4492	****JTM   mogers 4ky <3h	1	2026-08-02 13:30:52
39940	1785691815-KTP3	327	1:1699528	****JTM   jules	1	2026-08-02 13:30:59
39941	1785691815-KTP3	333	1:351766339	[NATO] nightmare＃old	2	2026-08-02 13:31:00
39942	1785691815-KTP3	313	0:74027	****JTM   LaNGoNdd<3vt	1	2026-08-02 13:31:03
39943	1785691815-KTP3	347	0:363246168	[NATO] NoName^	2	2026-08-02 13:31:03
39944	1785692369-KTP1	348	0:2996359	iH.s i k <3 n a t	1	2026-08-02 13:39:36
39945	1785692369-KTP1	311	0:99398	[$] cory? <3 HVK	2	2026-08-02 13:39:36
39946	1785692369-KTP1	304	0:16983	iH.vertex	1	2026-08-02 13:39:55
39947	1785692369-KTP1	308	1:777438	[$] tokih	2	2026-08-02 13:39:55
39948	1785692369-KTP1	310	0:10230748	iH.hildebrand?	1	2026-08-02 13:39:58
39949	1785692369-KTP1	331	0:642008661	[$] nomistizzle <3 icyhot	2	2026-08-02 13:40:01
39950	1785692369-KTP1	306	0:2221518	[$] hypnotik_ 0_x	2	2026-08-02 13:40:05
39951	1785692369-KTP1	300	0:90794	iH.kanguhhh?! ＃bigsalsa	1	2026-08-02 13:40:05
39952	1785692369-KTP1	345	1:25292511	[$] nein_	2	2026-08-02 13:40:06
39953	1785692369-KTP1	289	1:748805	iH.seanality	1	2026-08-02 13:40:07
39954	1785692369-KTP1	338	0:11692441	iH.monday	1	2026-08-02 13:40:25
39955	1785692369-KTP1	326	0:1794	[$] bsooodle	2	2026-08-02 13:40:25
39956	1785692609-KTP2	334	1:64041420	ßℓυ†н | nicholson	2	2026-08-02 13:43:37
39957	1785692609-KTP2	294	1:10054114	[bb]3SidedQuarter	1	2026-08-02 13:43:37
39958	1785692609-KTP2	288	1:443810	ßℓυ†н | kroD-	2	2026-08-02 13:43:59
39959	1785692609-KTP2	301	0:32793027	[bb] cK- ＃phillylan2026	1	2026-08-02 13:43:59
39960	1785692609-KTP2	351	1:16016464	[bb] bR0M ＃WATUPYOUTUBE	1	2026-08-02 13:44:02
39961	1785692609-KTP2	309	1:51476452	ßℓυ†н | incite[bc]	2	2026-08-02 13:44:03
39962	1785692609-KTP2	292	1:2052836	[bb] piff ＃4Monty	1	2026-08-02 13:44:03
39963	1785692609-KTP2	295	0:104450108	[bb] reppoĦ＃respectfully	1	2026-08-02 13:44:12
39964	1785692609-KTP2	290	0:836459725	ßℓυ†н | TillJim	2	2026-08-02 13:44:12
39965	1785692609-KTP2	302	0:77934219	[bb] pb_	1	2026-08-02 13:44:13
39966	1785692609-KTP2	296	1:9865547	ßℓυ†н | p12	2	2026-08-02 13:44:18
39967	1785692609-KTP2	299	1:93610	ßℓυ†н | patten	2	2026-08-02 13:44:45
39968	1785693039-KTP4	316	1:1547256	dicE[: :]stealthlol	1	2026-08-02 13:51:04
39969	1785693039-KTP4	318	1:18676541	NoSo ! CrankinHawg	2	2026-08-02 13:51:04
39970	1785693039-KTP4	315	1:10468563	dicE[: :]element	1	2026-08-02 13:51:10
39971	1785693039-KTP4	322	0:123285	NoSo ! Khoi	2	2026-08-02 13:51:10
39972	1785693039-KTP4	312	1:6122950	NoSo ! arachnid	2	2026-08-02 13:51:13
39973	1785693039-KTP4	319	0:281787	dicE[: :]warchyld[dd]	1	2026-08-02 13:51:15
39974	1785693039-KTP4	324	0:25429845	NoSo ! Savage¬	2	2026-08-02 13:51:15
39975	1785693039-KTP4	325	1:9833731	NoSo ! Bausch	2	2026-08-02 13:51:20
39976	1785693039-KTP4	321	0:8832199	dicE[: :]Gorilla[bc] <3Cooper	1	2026-08-02 13:51:21
39977	1785693039-KTP4	341	1:67913	NoSo ! yayme	2	2026-08-02 13:51:21
39978	1785693039-KTP4	336	0:3612473	dicE[: :]player	1	2026-08-02 13:51:21
39979	1785693039-KTP4	343	1:6155141	dicE[: :]m00cat :D	1	2026-08-02 13:51:38
40028	1785697175-KTP5	295	0:104450108	*uR[TM]* reppoH	1	2026-08-02 15:00:08
40029	1785697175-KTP5	317	0:749715	b.   тωὶﮐт	2	2026-08-02 15:00:08
40030	1785697175-KTP5	332	1:68033122	b.   o[bb]y	2	2026-08-02 15:00:10
40031	1785697175-KTP5	352	1:10437288	uR[TM]* SirSnipeys	1	2026-08-02 15:00:10
40032	1785697175-KTP5	346	0:237126	uR[TM]* HLAH	1	2026-08-02 15:00:13
40033	1785697175-KTP5	293	1:2312843	uR[TM]* Polak on twist boat	1	2026-08-02 15:00:14
40034	1785697175-KTP5	350	1:24850	b.   steve	2	2026-08-02 15:00:14
40035	1785697175-KTP5	305	0:3906550	b.   sTarK_ x_0 <3＃77	2	2026-08-02 15:00:23
40036	1785697175-KTP5	294	1:10054114	[bb]3SidedQuarter	1	2026-08-02 15:00:23
40037	1785697175-KTP5	330	1:6758404	b.   e p y o n ＃BiggsyBus	2	2026-08-02 15:00:29
40038	1785697175-KTP5	292	1:2052836	uR[TM]* piff	1	2026-08-02 15:00:32
40039	1785697175-KTP5	351	1:16016464	[bb] bR0M ＃wetya	1	2026-08-02 15:00:32
40040	1785697932-KTP2	315	1:10468563	dicE[: :]element	1	2026-08-02 15:12:44
40041	1785697932-KTP2	347	0:363246168	[NATO] NoName^	2	2026-08-02 15:12:44
40042	1785697932-KTP2	335	1:9446506	[NATO] Ho0liii <3 nakk	2	2026-08-02 15:12:54
40043	1785697932-KTP2	319	0:281787	dicE[: :]warchyld[dd]	1	2026-08-02 15:12:54
40044	1785697932-KTP2	337	1:31962398	[NATO] baiko ＃gubbe.se	2	2026-08-02 15:12:59
40045	1785697932-KTP2	316	1:1547256	dicE[: :]stealthlol	1	2026-08-02 15:13:02
40046	1785697932-KTP2	321	0:8832199	dicE[: :]Gorilla[bc] <3Cooper	1	2026-08-02 15:13:03
40047	1785697932-KTP2	333	1:351766339	[NATO] nightmare＃old	2	2026-08-02 15:13:03
40048	1785697932-KTP2	328	0:15083886	[NATO] Sq =)))	2	2026-08-02 15:13:04
40049	1785697932-KTP2	298	1:11494215	[NATO] Hub	2	2026-08-02 15:13:05
40050	1785697932-KTP2	343	1:6155141	dicE[: :]m00cat :D	1	2026-08-02 15:13:05
40051	1785697932-KTP2	336	0:3612473	dicE[: :]player	1	2026-08-02 15:13:06
40058	1785697175-KTP5	342	0:72967	b.   hey hi <3 dustbin	2	2026-08-02 15:23:51
40064	1785699260-KTP4	323	0:78863	****JTM   ddorito	2	2026-08-02 15:34:47
40065	1785699260-KTP4	318	1:18676541	NoSo ! Where's Jared	1	2026-08-02 15:34:47
40066	1785699260-KTP4	312	1:6122950	NoSo ! arachnid	1	2026-08-02 15:34:51
40067	1785699260-KTP4	325	1:9833731	NoSo ! Bausch	1	2026-08-02 15:34:57
40068	1785699260-KTP4	327	1:1699528	****JTM   jules	2	2026-08-02 15:34:57
40069	1785699260-KTP4	320	1:8702451	****JTM   ian	2	2026-08-02 15:34:59
40070	1785699260-KTP4	291	0:741614372	****JTM   ihatealiceglass	2	2026-08-02 15:35:11
40071	1785699260-KTP4	313	0:74027	****JTM   LaNGoNdd<3vt	2	2026-08-02 15:35:12
40072	1785699260-KTP4	341	1:67913	NoSo ! yayme	1	2026-08-02 15:35:12
40073	1785699260-KTP4	322	0:123285	NoSo ! Khoi	1	2026-08-02 15:35:21
40074	1785699260-KTP4	314	0:4492	****JTM   mogers 4ky <3h	2	2026-08-02 15:35:34
40075	1785699260-KTP4	324	0:25429845	NoSo ! Savage¬	1	2026-08-02 15:35:35
40088	1785699518-KTP1	290	0:836459725	ßℓυ†н | TillJim	1	2026-08-02 15:38:44
40089	1785699518-KTP1	310	0:10230748	iH.hildebrand?	2	2026-08-02 15:38:44
40090	1785699518-KTP1	296	1:9865547	ßℓυ†н | p12	1	2026-08-02 15:38:46
40091	1785699518-KTP1	289	1:748805	iH.seanality	2	2026-08-02 15:38:46
40092	1785699518-KTP1	348	0:2996359	iH.s i k <3 n a t	2	2026-08-02 15:39:03
40093	1785699518-KTP1	299	1:93610	ßℓυ†н | patten	1	2026-08-02 15:39:18
40094	1785699518-KTP1	309	1:51476452	ßℓυ†н | incite[bc]	1	2026-08-02 15:39:19
40095	1785699518-KTP1	304	0:16983	iH.vertex	2	2026-08-02 15:39:19
40096	1785699518-KTP1	300	0:90794	iH.kanguhhh?! ＃bigsalsa	2	2026-08-02 15:39:40
40097	1785699518-KTP1	288	1:443810	ßℓυ†н | kroD-	1	2026-08-02 15:39:40
40098	1785699518-KTP1	334	1:64041420	ßℓυ†н | nicholson	1	2026-08-02 15:40:22
40099	1785699518-KTP1	338	0:11692441	iH.monday	2	2026-08-02 15:40:23
40100	1785700578-KTP3	326	0:1794	[$] billbsod	2	2026-08-02 15:56:26
40101	1785700578-KTP3	351	1:16016464	[bb] bR0M ＃wetya	1	2026-08-02 15:56:26
40102	1785700578-KTP3	331	0:642008661	[$] nomistizzle	2	2026-08-02 15:56:44
40103	1785700578-KTP3	292	1:2052836	[bb] piff ＃4Monty	1	2026-08-02 15:57:06
40104	1785700578-KTP3	308	1:777438	[$] tokih	2	2026-08-02 15:57:06
40105	1785700578-KTP3	302	0:77934219	[bb] pb_	1	2026-08-02 15:57:06
40106	1785700578-KTP3	301	0:32793027	[bb] cK- ＃phillylan2026	1	2026-08-02 15:57:10
40107	1785700578-KTP3	311	0:99398	[$] cory <3 liah,jkimbro,rdk	2	2026-08-02 15:57:10
40112	1785700578-KTP3	293	1:2312843	[bb] Polak <3 [$] [$] [$]	1	2026-08-02 15:57:23
40113	1785700578-KTP3	306	0:2221518	[$] hypnotik_ 0_x	2	2026-08-02 15:57:23
40114	1785700578-KTP3	345	1:25292511	[$] nein_	2	2026-08-02 15:57:27
40115	1785700578-KTP3	295	0:104450108	[bb] reppoĦ＃tuckitin	1	2026-08-02 15:57:27
40136	1785701593-KTP2	321	0:8832199	dicE[: :]Gorilla[bc] ＃6-32	1	2026-08-02 16:13:38
40137	1785701593-KTP2	328	0:15083886	[NATO] Sq =)))	2	2026-08-02 16:13:38
40138	1785701593-KTP2	333	1:351766339	[NATO] nightmare＃old	2	2026-08-02 16:13:42
40139	1785701593-KTP2	343	1:6155141	dicE[: :]m00cat :D	1	2026-08-02 16:13:42
40140	1785701593-KTP2	315	1:10468563	dicE[: :]element	1	2026-08-02 16:13:48
40141	1785701593-KTP2	337	1:31962398	[NATO] baiko ＃gubbe.se	2	2026-08-02 16:13:48
40142	1785701593-KTP2	298	1:11494215	[NATO] Hub	2	2026-08-02 16:13:53
40143	1785701593-KTP2	336	0:3612473	dicE[: :]player	1	2026-08-02 16:13:53
40144	1785701593-KTP2	347	0:363246168	[NATO] NoName^	2	2026-08-02 16:14:01
40145	1785701593-KTP2	319	0:281787	dicE[: :]warchyld[dd]	1	2026-08-02 16:14:01
40146	1785701593-KTP2	316	1:1547256	dicE[: :]stealthlol	1	2026-08-02 16:14:02
40147	1785701593-KTP2	335	1:9446506	[NATO] Ho0liii <3 nakk	2	2026-08-02 16:14:31
40160	1785703180-KTP4	325	1:9833731	NoSo ! Bausch	2	2026-08-02 16:39:46
40161	1785703180-KTP4	323	0:78863	****JTM   ddorito	1	2026-08-02 16:39:46
40162	1785703180-KTP4	320	1:8702451	****JTM   ian	1	2026-08-02 16:40:09
40163	1785703180-KTP4	314	0:4492	****JTM   mogers 4ky <3h	1	2026-08-02 16:40:13
40164	1785703180-KTP4	341	1:67913	NoSo ! yayme	2	2026-08-02 16:40:13
40165	1785703180-KTP4	312	1:6122950	NoSo ! arachnid	2	2026-08-02 16:40:16
40166	1785703180-KTP4	327	1:1699528	****JTM   jules	1	2026-08-02 16:40:17
40167	1785703180-KTP4	324	0:25429845	NoSo ! Savage¬	2	2026-08-02 16:40:17
40168	1785703180-KTP4	313	0:74027	****JTM   LaNGoNdd<3vt	1	2026-08-02 16:40:28
40169	1785703180-KTP4	322	0:123285	NoSo ! Khoi	2	2026-08-02 16:40:28
40170	1785703180-KTP4	318	1:18676541	NoSo ! AlleyWayHandies	2	2026-08-02 16:40:33
40171	1785703180-KTP4	291	0:741614372	****JTM   ihatealiceglass	1	2026-08-02 16:40:54
40184	1785703653-KTP1	310	0:10230748	iH.hildebrand?	2	2026-08-02 16:48:09
40185	1785703653-KTP1	296	1:9865547	ßℓυ†н | p12	1	2026-08-02 16:48:09
40186	1785703653-KTP1	304	0:16983	iH.vertex	2	2026-08-02 16:48:10
40187	1785703653-KTP1	288	1:443810	ßℓυ†н | kroD-	1	2026-08-02 16:48:10
40188	1785703653-KTP1	338	0:11692441	iH.monday	2	2026-08-02 16:48:10
40189	1785703653-KTP1	300	0:90794	iH.kanguhhh?! ＃bigsalsa	2	2026-08-02 16:48:12
40190	1785703653-KTP1	290	0:836459725	ßℓυ†н | TillJim	1	2026-08-02 16:48:15
40191	1785703653-KTP1	348	0:2996359	iH.s i k <3 n a t	2	2026-08-02 16:48:15
40192	1785703653-KTP1	334	1:64041420	ßℓυ†н | nicholson	1	2026-08-02 16:48:26
40193	1785703653-KTP1	309	1:51476452	ßℓυ†н | incite[bc]	1	2026-08-02 16:48:41
40194	1785703653-KTP1	299	1:93610	ßℓυ†н | patten	1	2026-08-02 16:48:44
40195	1785703653-KTP1	289	1:748805	iH.seanality	2	2026-08-02 16:48:45
40196	1785704078-KTP3	326	0:1794	[$] billbsod	2	2026-08-02 16:54:45
40197	1785704078-KTP3	293	1:2312843	[bb] Polak <3 [$] [$] [$]	1	2026-08-02 16:54:45
40198	1785704078-KTP3	292	1:2052836	[bb] piff ＃4Monty	1	2026-08-02 16:54:49
40199	1785704078-KTP3	331	0:642008661	[$] nomistizzle	2	2026-08-02 16:55:02
40200	1785704078-KTP3	302	0:77934219	[bb] pb_	1	2026-08-02 16:55:02
40201	1785704078-KTP3	294	1:10054114	[bb]3SidedQuarter	1	2026-08-02 16:55:02
40202	1785704078-KTP3	306	0:2221518	[$] hypnotik_ 0_x	2	2026-08-02 16:55:03
40203	1785704078-KTP3	345	1:25292511	[$] nein_	2	2026-08-02 16:55:11
40204	1785704078-KTP3	311	0:99398	[$] cory <3 liah,jkimbro,rdk	2	2026-08-02 16:55:12
40205	1785704078-KTP3	301	0:32793027	[bb] cK- ＃phillylan2026	1	2026-08-02 16:55:12
40206	1785704078-KTP3	351	1:16016464	[bb] bR0M ＃wetya	1	2026-08-02 16:55:14
40207	1785704078-KTP3	308	1:777438	[$] tokih	2	2026-08-02 16:55:29
40244	1785706455-KTP2	333	1:351766339	[NATO] nightmare＃old	2	2026-08-02 17:34:43
40245	1785706455-KTP2	343	1:6155141	dicE[: :]m00cat :D	1	2026-08-02 17:34:43
40246	1785706455-KTP2	319	0:281787	dicE[: :]warchyld[dd]	1	2026-08-02 17:34:53
40247	1785706455-KTP2	298	1:11494215	[NATO] Hub	2	2026-08-02 17:34:53
40248	1785706455-KTP2	321	0:8832199	dicE[: :]Gorilla[bc] ＃6-32	1	2026-08-02 17:34:54
40249	1785706455-KTP2	328	0:15083886	[NATO] Sq =)))	2	2026-08-02 17:35:00
40250	1785706455-KTP2	335	1:9446506	[NATO] Ho0liii	2	2026-08-02 17:35:01
40251	1785706455-KTP2	315	1:10468563	dicE[: :]element	1	2026-08-02 17:35:01
40252	1785706455-KTP2	337	1:31962398	[NATO] baiko ＃gubbe.se	2	2026-08-02 17:35:04
40253	1785706455-KTP2	336	0:3612473	dicE[: :]player	1	2026-08-02 17:35:05
40254	1785706455-KTP2	347	0:363246168	[NATO] NoName^	2	2026-08-02 17:35:05
40255	1785706455-KTP2	316	1:1547256	dicE[: :]stealthlol	1	2026-08-02 17:35:07
40268	1785710044-KTP3	323	0:78863	****JTM   ddorito	2	2026-08-02 18:34:11
40269	1785710044-KTP3	293	1:2312843	[bb] Polak	1	2026-08-02 18:34:11
40270	1785710044-KTP3	314	0:4492	****JTM   sp00kyskull <3 s0v	2	2026-08-02 18:34:34
40271	1785710044-KTP3	295	0:104450108	[bb] reppoĦ	1	2026-08-02 18:34:34
40272	1785710044-KTP3	291	0:741614372	****JTM   1337$k337	2	2026-08-02 18:34:39
40273	1785710044-KTP3	292	1:2052836	[bb] piff ＃4Monty	1	2026-08-02 18:34:46
40274	1785710044-KTP3	313	0:74027	****JTM   LaNGoNdd<3vt	2	2026-08-02 18:34:46
40275	1785710044-KTP3	327	1:1699528	****JTM   jules	2	2026-08-02 18:34:47
40276	1785710044-KTP3	301	0:32793027	[bb] cK- ＃phillylan2026	1	2026-08-02 18:34:48
40277	1785710044-KTP3	294	1:10054114	[bb]3SidedQuarter	1	2026-08-02 18:34:50
40278	1785710044-KTP3	320	1:8702451	****JTM   bonchon	2	2026-08-02 18:34:50
40279	1785710044-KTP3	302	0:77934219	[bb] pb_	1	2026-08-02 18:35:18
40280	1785710340-KTP4	341	1:67913	NoSo ! yayme	1	2026-08-02 18:39:10
40281	1785710340-KTP4	345	1:25292511	[$] nein_	2	2026-08-02 18:39:10
40282	1785710340-KTP4	322	0:123285	NoSo ! Khoi	1	2026-08-02 18:39:37
40283	1785710340-KTP4	308	1:777438	[$] tokih	2	2026-08-02 18:39:37
40284	1785710340-KTP4	318	1:18676541	NoSo ! AlleyWayHandies	1	2026-08-02 18:39:38
40285	1785710340-KTP4	311	0:99398	[$] cory <3 liah,jkimbro,rdk	2	2026-08-02 18:39:39
40286	1785710340-KTP4	324	0:25429845	NoSo ! Savage¬	1	2026-08-02 18:39:39
40287	1785710340-KTP4	326	0:1794	[$] billbsod	2	2026-08-02 18:39:40
40288	1785710340-KTP4	325	1:9833731	NoSo ! Bausch	1	2026-08-02 18:39:40
40289	1785710340-KTP4	306	0:2221518	[$] hypnotik_ 0_x	2	2026-08-02 18:39:43
40290	1785710340-KTP4	331	0:642008661	[$] nomistizzle	2	2026-08-02 18:39:49
40291	1785710340-KTP4	312	1:6122950	NoSo ! arachnid	1	2026-08-02 18:39:49
40313	1785711668-KTP2	309	1:51476452	ßℓυ†н | incite[bc]	2	2026-08-02 19:01:40
40314	1785711668-KTP2	336	0:3612473	dicE[: :]player	1	2026-08-02 19:01:40
40315	1785711668-KTP2	343	1:6155141	dicE[: :]m00cat :D	1	2026-08-02 19:01:41
40316	1785711668-KTP2	321	0:8832199	dicE[: :]Gorilla[bc] ＃6-32	1	2026-08-02 19:01:47
40317	1785711668-KTP2	296	1:9865547	ßℓυ†н | p12 ＃7-33	2	2026-08-02 19:01:47
40318	1785711668-KTP2	288	1:443810	ßℓυ†н | kroD-	2	2026-08-02 19:01:54
40319	1785711668-KTP2	334	1:64041420	ßℓυ†н | nicholson	2	2026-08-02 19:01:54
40320	1785711668-KTP2	315	1:10468563	dicE[: :]element	1	2026-08-02 19:01:54
40321	1785711668-KTP2	316	1:1547256	dicE[: :]stealthlol	1	2026-08-02 19:01:58
40322	1785711668-KTP2	290	0:836459725	ßℓυ†н | TillJim	2	2026-08-02 19:01:58
40323	1785711668-KTP2	299	1:93610	ßℓυ†н | patten	2	2026-08-02 19:01:59
40325	1785711668-KTP2	319	0:281787	dicE[: :]warchyld[dd]	1	2026-08-02 19:02:02
40340	1785715156-KTP2	316	1:1547256	dicE[: :]stealthlol	1	2026-08-02 19:59:42
40341	1785715156-KTP2	296	1:9865547	ßℓυ†н | p12 ＃7-33	2	2026-08-02 19:59:42
40342	1785715156-KTP2	309	1:51476452	ßℓυ†н | incite[bc]	2	2026-08-02 19:59:58
40343	1785715156-KTP2	336	0:3612473	dicE[: :]player	1	2026-08-02 19:59:58
40344	1785715156-KTP2	321	0:8832199	dicE[: :]Gorilla[bc] ＃6-32	1	2026-08-02 19:59:59
40345	1785715156-KTP2	288	1:443810	ßℓυ†н | kroD-	2	2026-08-02 19:59:59
40346	1785715156-KTP2	343	1:6155141	dicE[: :]m00cat :D	1	2026-08-02 19:59:59
40347	1785715156-KTP2	315	1:10468563	dicE[: :]element	1	2026-08-02 20:00:01
40348	1785715156-KTP2	290	0:836459725	ßℓυ†н | SilverPlayer	2	2026-08-02 20:00:01
40349	1785715156-KTP2	299	1:93610	ßℓυ†н | patten	2	2026-08-02 20:00:17
40350	1785715156-KTP2	334	1:64041420	ßℓυ†н | nicholson	2	2026-08-02 20:00:22
40351	1785715156-KTP2	319	0:281787	dicE[: :]warchyld[dd]	1	2026-08-02 20:00:22
40352	1785715972-KTP1	289	1:748805	iH.seanality	1	2026-08-02 20:12:59
40353	1785715972-KTP1	347	0:363246168	[NATO] NoName^	2	2026-08-02 20:12:59
40354	1785715972-KTP1	335	1:9446506	[NATO] Ho0liii <3 nakk	2	2026-08-02 20:13:02
40355	1785715972-KTP1	310	0:10230748	iH.hildebrand?	1	2026-08-02 20:13:14
40356	1785715972-KTP1	337	1:31962398	[NATO] baiko ＃gubbe.se	2	2026-08-02 20:13:25
40357	1785715972-KTP1	348	0:2996359	iH.s i k <3 n a t	1	2026-08-02 20:13:25
40358	1785715972-KTP1	304	0:16983	iH.vertex	1	2026-08-02 20:13:46
40359	1785715972-KTP1	300	0:90794	iH.kanguhhh?!	1	2026-08-02 20:13:51
40360	1785715972-KTP1	333	1:351766339	[NATO] nightmare＃old	2	2026-08-02 20:13:51
40361	1785715972-KTP1	328	0:15083886	[NATO] Sq =)))	2	2026-08-02 20:13:54
40362	1785715972-KTP1	298	1:11494215	[NATO] Hub	2	2026-08-02 20:13:55
40363	1785715972-KTP1	338	0:11692441	iH.monday	1	2026-08-02 20:13:55
40376	") (map "dod_harrington	347	0:363246168	[NATO] NoName^	1	2026-08-02 21:01:42
40377	") (map "dod_harrington	310	0:10230748	iH.hildebrand?	2	2026-08-02 21:01:42
40378	") (map "dod_harrington	335	1:9446506	[NATO] Ho0liii	1	2026-08-02 21:01:57
40379	") (map "dod_harrington	338	0:11692441	iH.monday	2	2026-08-02 21:01:57
40380	") (map "dod_harrington	304	0:16983	iH.vertex	2	2026-08-02 21:02:03
40381	") (map "dod_harrington	328	0:15083886	[NATO] Sq =)))	1	2026-08-02 21:02:11
40382	") (map "dod_harrington	337	1:31962398	[NATO] baiko ＃gubbe.se	1	2026-08-02 21:02:11
40383	") (map "dod_harrington	289	1:748805	iH.seanality	2	2026-08-02 21:02:11
40384	") (map "dod_harrington	333	1:351766339	[NATO] nightmare＃old	1	2026-08-02 21:02:13
40385	") (map "dod_harrington	298	1:11494215	[NATO] Hub	1	2026-08-02 21:02:18
40386	") (map "dod_harrington	300	0:90794	iH.kanguhhh?!	2	2026-08-02 21:02:40
40387	") (map "dod_harrington	348	0:2996359	iH.s i k <3 n a t	2	2026-08-02 21:02:51
40388	1785721189-KTP1	348	0:2996359	iH.s i k <3 n a t	1	2026-08-02 21:39:57
40389	1785721189-KTP1	328	0:15083886	[NATO] Sq =)))	2	2026-08-02 21:39:57
40390	1785721189-KTP1	335	1:9446506	[NATO] Ho0liii	2	2026-08-02 21:39:58
40391	1785721189-KTP1	310	0:10230748	iH.hildebrand?	1	2026-08-02 21:39:58
40392	1785721189-KTP1	347	0:363246168	[NATO] NoName^	2	2026-08-02 21:39:58
40393	1785721189-KTP1	338	0:11692441	iH.monday	1	2026-08-02 21:40:42
40394	1785721189-KTP1	298	1:11494215	[NATO] Hub	2	2026-08-02 21:40:50
40395	1785721189-KTP1	304	0:16983	iH.vertex	1	2026-08-02 21:40:50
40396	1785721189-KTP1	300	0:90794	iH.kanguhhh?!	1	2026-08-02 21:41:00
40397	1785721189-KTP1	333	1:351766339	[NATO] nightmare＃old	2	2026-08-02 21:41:00
40398	1785721189-KTP1	289	1:748805	iH.seanality	1	2026-08-02 21:41:12
40399	1785721189-KTP1	337	1:31962398	[NATO] baiko ＃gubbe.se	2	2026-08-02 21:41:28