"90","","","","","","","","","","","","","","","","","","","",""
"","Team & Players","","","","","","VS","","Team & Players","","","","","","","","","","",""
"","soul","100","319","325","0.98","","","","NoGo","79","314","330","0.95","","","","","","",""
"","stamp","10","62","39","1.59","","","","ddro","18","50","47","1.06","","","","","","",""
"","Black Hawk","17","49","48","1.02","","","","matthew","8","48","55","0.87","","","","","","",""
"","The Bear","19","55","53","1.04","","","","tEa","5","59","53","1.11","","","","","","",""
"","jacksonL","18","57","62","0.92","","","","twist","9","38","57","0.67","","","","","","",""
"","3SidedQuarter","9","44","61","0.72","","","","Piff","16","55","63","0.87","","","","","","",""
"","shreddies","27","52","62","0.84","","","","kroD","23","64","55","1.16","","","","","","",""
"","Team & Players","","","","","","VS","","Team & Players","","","","","","","","","","",""
"","Thunder","136","352","254","1.39","","","","BestBuds","58","245","360","0.68","","","","","","",""
"","JaGGoN","22","51","36","1.42","","","","Hopper","9","42","64","0.66","","","PLAY-INS","","","",""
"","jules","23","68","40","1.70","","","","Bromley","10","35","61","0.57","","","","","","",""
"","ryanemo","13","64","35","1.83","","","","TheWarWithin","11","39","62","0.63","","","","","","",""
"","dorito","23","64","46","1.39","","","","BigBird","12","46","68","0.68","","","","","","",""
"","cK","31","53","55","0.96","","","","The Godfodder","7","33","49","0.67","","","","","","",""
"","fusioN","24","52","42","1.24","","","","chicagolegend","9","50","56","0.89","","","","","","",""
"","Team & Players","","","","","","VS","","Team & Players","","","","","","","","","","",""
"","Clinic","114","375","318","1.18","","","","Leftovers","93","314","386","0.81","","","","MVP:","???","",""
"","Tomfoolery","11","49","34","1.44","","","","Khoi","24","57","71","0.80","","","","xx Flags - xx Frags - xx Deaths - x.xx K/D","","",""
"","Candyman","35","58","60","0.97","","","","HLAH","33","37","62","0.60","","","","(2/3 games)","","",""
"","Vic","17","61","66","0.92","","","","hypnotik","7","54","55","0.98","","","","","","",""
"","Shmaltz","16","67","44","1.52","","","","Epyon","13","54","53","1.02","","","","","","",""
"","Allen","15","65","54","1.20","","","","reptaR","8","74","77","0.96","","","","","","",""
"","Swave","20","75","60","1.25","","","","hey hi","8","38","68","0.56","","","","","","",""
"","Team & Players","","","","","","VS","","Team & Players","","","","","","","","","","",""
"","uKz","39","318","293","1.09","","","","LATE","37","284","330","0.86","","","","","","",""
"","ProstaR","2","53","46","1.15","","","","Nein","3","43","53","0.81","","","","","","",""
"","Cory","12","68","53","1.28","","","","Savage","6","56","40","1.40","","","","","","",""
"","mogers","12","45","57","0.79","","","","Incite","6","54","59","0.92","","","","","","",""
"","Riveroyster","6","52","46","1.13","","","","Miller","10","38","68","0.56","","","","","","",""
"","Nicholson","2","65","39","1.67","","","","SirSnipeys","8","46","55","0.84","","","","","","",""
"","eman","5","35","52","0.67","","","","Polak","4","47","55","0.85","","","","","","",""