"Players","","KTPRn","Matches","Att.","Flags","Kills","Deaths","K/D Ratio","Kills/Match","Kills/Half","Deaths/Match","Deaths/Half","Flags/Match","Flags/Half","Player Team","Class","","Team Name","KTPR","Matches","Flags","Kills","Deaths","K/D Ratio","Kills/Match","Kills/Half","Deaths/Match","Deaths/Half","Flags/Match","Flags/Half"
"greetz","1","1.55","6","86%","96","385","293","1.31","64.2","32.1","48.8","24.4","16.0","8.0","Gskill","RIFLE","","","","","","","","","","","","","",""
"kroD","1","1.50","1","14%","23","64","55","1.16","64.0","32.0","55.0","27.5","23.0","11.5","NoGo","HEAVY","","","","","","","","","","","","","",""
"element","1","1.43","7","100%","90","416","342","1.22","59.4","29.7","48.9","24.4","12.9","6.4","dicE","RIFLE","","ukz","0.45","4","93","530","704","0.75","132.5","66.3","176.0","88.0","23.3","11.6"
"Shmaltz","1","1.42","3","43%","44","176","142","1.24","58.7","29.3","47.3","23.7","14.7","7.3","Clinic","HEAVY","","Gskill","1.09","6","534","1,939","1,671","1.16","323.2","161.6","278.5","139.3","89.0","44.5"
"stealthlol","1","1.38","7","100%","81","399","330","1.21","57.0","28.5","47.1","23.6","11.6","5.8","dicE","SNIPER","","NoGo","","1","0","0","0","","0.0","0.0","0.0","0.0","0.0","0.0"
"reptaR","1","1.38","1","14%","8","74","77","0.96","74.0","37.0","77.0","38.5","8.0","4.0","Leftovers","RIFLE","","","","","","","","","","","","","",""
"jules","1","1.34","7","100%","97","379","292","1.30","54.1","27.1","41.7","20.9","13.9","6.9","Thunder","HEAVY","","","","","","","","","","","","","",""
"vertex","1","1.33","6","86%","67","342","316","1.08","57.0","28.5","52.7","26.3","11.2","5.6","IcyHot","RIFLE","","","","","","","","","","","","","",""
"taylor","1","1.32","6","86%","95","329","297","1.11","54.8","27.4","49.5","24.8","15.8","7.9","Gskill","HEAVY","","","","","","","","","","","","","",""
"gaul","1","1.30","6","86%","75","343","324","1.06","57.2","28.6","54.0","27.0","12.5","6.3","Gskill","RIFLE","","","","","","","","","","","","","",""
"Savage","1","1.29","1","14%","6","56","40","1.40","56.0","28.0","40.0","20.0","6.0","3.0","LATE","RIFLE","","","","","","","","","","","","","",""
"jacksonL","1","1.29","3","43%","57","187","187","1.00","62.3","31.2","62.3","31.2","19.0","9.5","soul","RIFLE","","","","","","","","","","","","","",""
"motiv","1","1.27","6","86%","81","304","230","1.32","50.7","25.3","38.3","19.2","13.5","6.8","Gskill","SNIPER","","","","","","","","","","","","","",""
"monday","1","1.27","6","86%","57","312","272","1.15","52.0","26.0","45.3","22.7","9.5","4.8","IcyHot","HEAVY","","","","","","","","","","","","","",""
"ryanemo","1","1.25","7","100%","61","373","343","1.09","53.3","26.6","49.0","24.5","8.7","4.4","Thunder","HEAVY","","","","","","","","","","","","","",""
"seanality","1","1.24","6","86%","99","310","285","1.09","51.7","25.8","47.5","23.8","16.5","8.3","IcyHot","RIFLE","","","","","","","","","","","","","",""
"tEa","1","1.22","1","14%","5","59","53","1.11","59.0","29.5","53.0","26.5","5.0","2.5","NoGo","SNIPER","","","","","","","","","","","","","",""
"milo","1","1.21","6","86%","81","295","262","1.13","49.2","24.6","43.7","21.8","13.5","6.8","Gskill","HEAVY","","","","","","","","","","","","","",""
"Epyon","1","1.18","1","14%","13","54","53","1.02","54.0","27.0","53.0","26.5","13.0","6.5","Leftovers","LIGHT","","","","","","","","","","","","","",""
"dorito","1","1.17","7","100%","71","369","359","1.03","52.7","26.4","51.3","25.6","10.1","5.1","Thunder","RIFLE","","","","","","","","","","","","","",""
"ddro","1","1.17","1","14%","18","50","47","1.06","50.0","25.0","47.0","23.5","18.0","9.0","NoGo","RIFLE","","","","","","","","","","","","","",""
"Swave","1","1.16","3","43%","37","180","191","0.94","60.0","30.0","63.7","31.8","12.3","6.2","Clinic","RIFLE","","leftovers","","1","0","0","0","","0.0","0.0","0.0","0.0","0.0","0.0"
"Tomfoolery","1","1.15","3","43%","24","138","121","1.14","46.0","23.0","40.3","20.2","8.0","4.0","Clinic","RIFLE","","BestBuds","","1","0","0","0","","0.0","0.0","0.0","0.0","0.0","0.0"
"paintball","1","1.14","3","43%","32","163","166","0.98","54.3","27.2","55.3","27.7","10.7","5.3","#under","RIFLE","","","","","","","","","","","","","",""
"JaGGoN","1","1.13","7","100%","72","310","247","1.26","44.3","22.1","35.3","17.6","10.3","5.1","Thunder","SNIPER","","","","","","","","","","","","","",""
"teamowner","1","1.12","6","86%","106","283","265","1.07","47.2","23.6","44.2","22.1","17.7","8.8","Gskill","3RD RIFLE","","","","","","","","","","","","","",""
"patten","1","1.12","3","43%","33","130","96","1.35","43.3","21.7","32.0","16.0","11.0","5.5","#under","SNIPER","","","","","","","","","","","","","",""
"hypnotik","1","1.10","1","14%","7","54","55","0.98","54.0","27.0","55.0","27.5","7.0","3.5","Leftovers","SNIPER","","","","","","","","","","","","","",""
"hildebrand","1","1.09","6","86%","71","291","284","1.02","48.5","24.3","47.3","23.7","11.8","5.9","IcyHot","SNIPER","","","","","","","","","","","","","",""
"devin","1","1.07","3","43%","37","146","145","1.01","48.7","24.3","48.3","24.2","12.3","6.2","#under","HEAVY","","","","","","","","","","","","","",""
"stamp","1","1.05","3","43%","34","150","155","0.97","50.0","25.0","51.7","25.8","11.3","5.7","soul","HEAVY","","","","","","","","","","","","","",""
"k4b00m","1","1.05","7","100%","58","324","308","1.05","46.3","23.1","44.0","22.0","8.3","4.1","dicE","HEAVY","","LATE","","1","0","0","0","","0.0","0.0","0.0","0.0","0.0","0.0"
"Nicholson","1","1.00","3","43%","10","155","126","1.23","51.7","25.8","42.0","21.0","3.3","1.7","ukz","SNIPER","","","","","","","","","","","","","",""
"Piff","1","0.99","1","14%","16","55","63","0.87","55.0","27.5","63.0","31.5","16.0","8.0","NoGo","LIGHT","","","","","","","","","","","","","",""
"Candyman","1","0.97","3","43%","68","155","174","0.89","51.7","25.8","58.0","29.0","22.7","11.3","Clinic","3RD RIFLE","","Clinic","0.64","3","129","575","716","0.80","191.7","95.8","238.7","119.3","43.0","21.5"
"dyelife","1","0.97","7","100%","84","346","378","0.92","49.4","24.7","54.0","27.0","12.0","6.0","dicE","RIFLE","","soul","0.44","5","177","570","708","0.81","114.0","57.0","141.6","70.8","35.4","17.7"
"Cory","1","0.96","3","43%","28","159","183","0.87","53.0","26.5","61.0","30.5","9.3","4.7","ukz","RIFLE","","","","","","","","","","","","","",""
"Incite","1","0.96","1","14%","6","54","59","0.92","54.0","27.0","59.0","29.5","6.0","3.0","LATE","HEAVY","","","","","","","","","","","","","",""
"chicagolegend","1","0.95","1","14%","9","50","56","0.89","50.0","25.0","56.0","28.0","9.0","4.5","BestBuds","RIFLE","","","","","","","","","","","","","",""
"chi","1","0.95","3","43%","32","129","131","0.98","43.0","21.5","43.7","21.8","10.7","5.3","#under","RIFLE","","","","","","","","","","","","","",""
"sik","1","0.93","6","86%","34","312","311","1.00","52.0","26.0","51.8","25.9","5.7","2.8","IcyHot","3RD RIFLE","","","","","","","","","","","","","",""
"Khoi","1","0.91","1","14%","24","57","71","0.80","57.0","28.5","71.0","35.5","24.0","12.0","Leftovers","RIFLE","","","","","","","","","","","","","",""
"shreddies","1","0.91","3","43%","64","157","187","0.84","52.3","26.2","62.3","31.2","21.3","10.7","soul","3RD RIFLE","","","","","","","","","","","","","",""
"Riveroyster","1","0.91","3","43%","30","145","165","0.88","48.3","24.2","55.0","27.5","10.0","5.0","ukz","RIFLE","","","","","","","","","","","","","",""
"matthew","1","0.89","1","14%","8","48","55","0.87","48.0","24.0","55.0","27.5","8.0","4.0","NoGo","RIFLE","","","","","","","","","","","","","",""
"Allen","1","0.85","3","43%","33","159","201","0.79","53.0","26.5","67.0","33.5","11.0","5.5","Clinic","SNIPER","","IcyHot","0.97","6","393","1,815","1,738","1.04","302.5","151.3","289.7","144.8","65.5","32.8"
"Black Hawk","1","0.84","3","43%","34","141","167","0.84","47.0","23.5","55.7","27.8","11.3","5.7","soul","HEAVY","","","","","","","","","","","","","",""
"kanguhhh","1","0.84","6","86%","65","248","270","0.92","41.3","20.7","45.0","22.5","10.8","5.4","IcyHot","HEAVY","","","","","","","","","","","","","",""
"baronn","1","0.84","3","43%","55","144","173","0.83","48.0","24.0","57.7","28.8","18.3","9.2","#under","HEAVY","","","","","","","","","","","","","",""
"gorilla","1","0.83","7","100%","58","326","376","0.87","46.6","23.3","53.7","26.9","8.3","4.1","dicE","HEAVY","","Thunder","0.79","7","390","1,677","1,758","0.95","239.6","119.8","251.1","125.6","55.7","27.9"
"SirSnipeys","1","0.82","1","14%","8","46","55","0.84","46.0","23.0","55.0","27.5","8.0","4.0","LATE","SNIPER","","","","","","","","","","","","","",""
"mogers","1","0.82","3","43%","25","144","177","0.81","48.0","24.0","59.0","29.5","8.3","4.2","ukz","HEAVY","","","","","","","","","","","","","",""
"cK","1","0.75","7","100%","110","319","408","0.78","45.6","22.8","58.3","29.1","15.7","7.9","Thunder","RIFLE","","","","","","","","","","","","","",""
"Polak","1","0.70","1","14%","4","47","55","0.85","47.0","23.5","55.0","27.5","4.0","2.0","LATE","RIFLE","","","","","","","","","","","","","",""
"tilljim","1","0.68","3","43%","44","113","138","0.82","37.7","18.8","46.0","23.0","14.7","7.3","#under","3RD RIFLE","","","","","","","","","","","","","",""
"The Bear","1","0.68","3","43%","49","127","168","0.76","42.3","21.2","56.0","28.0","16.3","8.2","soul","RIFLE","","","","","","","","","","","","","",""
"3SidedQuarter","1","0.68","3","43%","39","127","169","0.75","42.3","21.2","56.3","28.2","13.0","6.5","soul","SNIPER","","","","","","","","","","","","","",""
"fusioN","1","0.66","7","100%","115","279","363","0.77","39.9","19.9","51.9","25.9","16.4","8.2","Thunder","3RD RIFLE","","","","","","","","","","","","","",""
"ProstaR","1","0.66","3","43%","16","135","173","0.78","45.0","22.5","57.7","28.8","5.3","2.7","ukz","3RD RIFLE","","","","","","","","","","","","","",""
"Vic","1","0.66","3","43%","37","142","205","0.69","47.3","23.7","68.3","34.2","12.3","6.2","Clinic","HEAVY","","dicE","0.97","7","484","2,097","2,119","0.99","299.6","149.8","302.7","151.4","69.1","34.6"
"warchyldd","1","0.65","7","100%","113","286","385","0.74","40.9","20.4","55.0","27.5","16.1","8.1","dicE","3RD RIFLE","","#under","0.93","3","233","825","849","0.97","275.0","137.5","283.0","141.5","77.7","38.8"
"BigBird","1","0.63","1","14%","12","46","68","0.68","46.0","23.0","68.0","34.0","12.0","6.0","BestBuds","3RD RIFLE","","","","","","","","","","","","","",""
"Nein","1","0.57","1","14%","3","43","53","0.81","43.0","21.5","53.0","26.5","3.0","1.5","LATE","HEAVY","","","","","","","","","","","","","",""
"Hopper","1","0.57","1","14%","9","42","64","0.66","42.0","21.0","64.0","32.0","9.0","4.5","BestBuds","HEAVY","","","","","","","","","","","","","",""
"twist","1","0.54","1","14%","9","38","57","0.67","38.0","19.0","57.0","28.5","9.0","4.5","NoGo","HEAVY","","","","","","","","","","","","","",""
"TheWarWithin","1","0.51","1","14%","11","39","62","0.63","39.0","19.5","62.0","31.0","11.0","5.5","BestBuds","SNIPER","","","","","","","","","","","","","",""
"eman","1","0.49","3","43%","23","110","173","0.64","36.7","18.3","57.7","28.8","7.7","3.8","ukz","HEAVY","","","","","","","","","","","","","",""
"The Godfodder","1","0.47","1","14%","7","33","49","0.67","33.0","16.5","49.0","24.5","7.0","3.5","BestBuds","HEAVY","","","","","","","","","","","","","",""
"HLAH","1","0.46","1","14%","33","37","62","0.60","37.0","18.5","62.0","31.0","33.0","16.5","Leftovers","RIFLE","","","","","","","","","","","","","",""
"Miller","1","0.43","1","14%","10","38","68","0.56","38.0","19.0","68.0","34.0","10.0","5.0","LATE","3RD RIFLE","","","","","","","","","","","","","",""
"hey hi","1","0.43","1","14%","8","38","68","0.56","38.0","19.0","68.0","34.0","8.0","4.0","Leftovers","HEAVY","","","","","","","","","","","","","",""
"Bromley","1","0.42","1","14%","10","35","61","0.57","35.0","17.5","61.0","30.5","10.0","5.0","BestBuds","RIFLE","","","","","","","","","","","","","",""